createdat,createdby,modifiedat,modifiedby,groupname,hierlevel,valcount,descript,groupnameprev,versn
2025-08-27 22:33:22.284,DBULNES,2025-08-27 22:33:22.284,DBULNES,ZBEC,0,1,Balance Avicola El Cortijo,"",""
2025-08-27 22:33:22.284,DBULNES,2025-08-27 22:33:22.284,DBULNES,17,1,1,ACTIVOS,ZBEC,""
2025-08-27 22:33:22.284,DBULNES,2025-08-27 22:33:22.284,DBULNES,8,2,1,ACTIVOS CORRIENTES,17,""
2025-08-27 22:33:22.284,DBULNES,2025-08-27 22:33:22.284,DBULNES,37,3,1,CAJA,8,""
2025-08-27 22:33:22.284,DBULNES,2025-08-27 22:33:22.284,DBULNES,46,4,1,Caja General,37,""
2025-08-27 22:33:22.284,DBULNES,2025-08-27 22:33:22.284,DBULNES,47,5,1,Caja General,46,""
2025-08-27 22:33:22.284,DBULNES,2025-08-27 22:33:22.284,DBULNES,PUCA1110505001,6,0,X|X,47,""
2025-08-27 22:33:22.284,DBULNES,2025-08-27 22:33:22.284,DBULNES,38,3,1,BANCOS,8,""
2025-08-27 22:33:22.284,DBULNES,2025-08-27 22:33:22.284,DBULNES,48,4,1,Banco Moneda Nacional,38,""
2025-08-27 22:33:22.284,DBULNES,2025-08-27 22:33:22.284,DBULNES,50,5,1,Banco De Occidente,48,""
2025-08-27 22:33:22.284,DBULNES,2025-08-27 22:33:22.284,DBULNES,PUCA1120505100,6,0,X|X,50,""
2025-08-27 22:33:22.284,DBULNES,2025-08-27 22:33:22.284,DBULNES,51,5,1,Banco De America Central,48,""
2025-08-27 22:33:22.284,DBULNES,2025-08-27 22:33:22.284,DBULNES,PUCA1120510100,6,0,X|X,51,""
2025-08-27 22:33:22.284,DBULNES,2025-08-27 22:33:22.284,DBULNES,52,5,1,Ficohsa,48,""
2025-08-27 22:33:22.284,DBULNES,2025-08-27 22:33:22.284,DBULNES,PUCA1120515100,6,0,X|X,52,""
2025-08-27 22:33:22.284,DBULNES,2025-08-27 22:33:22.284,DBULNES,53,5,1,Banco Atlantida,48,""
2025-08-27 22:33:22.284,DBULNES,2025-08-27 22:33:22.284,DBULNES,PUCA1120520100,6,0,X|X,53,""
2025-08-27 22:33:22.284,DBULNES,2025-08-27 22:33:22.284,DBULNES,PUCA1120520110,6,0,X|X,53,""
2025-08-27 22:33:22.284,DBULNES,2025-08-27 22:33:22.284,DBULNES,54,5,1,Banhcafe,48,""
2025-08-27 22:33:22.284,DBULNES,2025-08-27 22:33:22.284,DBULNES,PUCA1120525100,6,0,X|X,54,""
2025-08-27 22:33:22.284,DBULNES,2025-08-27 22:33:22.284,DBULNES,55,5,1,Banpais,48,""
2025-08-27 22:33:22.284,DBULNES,2025-08-27 22:33:22.284,DBULNES,PUCA1120530100,6,0,X|X,55,""
2025-08-27 22:33:22.284,DBULNES,2025-08-27 22:33:22.284,DBULNES,56,5,1,Banrural,48,""
2025-08-27 22:33:22.284,DBULNES,2025-08-27 22:33:22.284,DBULNES,PUCA1120535100,6,0,X|X,56,""
2025-08-27 22:33:22.284,DBULNES,2025-08-27 22:33:22.284,DBULNES,PUCA1120535110,6,0,X|X,56,""
2025-08-27 22:33:22.284,DBULNES,2025-08-27 22:33:22.284,DBULNES,49,4,1,Banco Moneda Extranjera,38,""
2025-08-27 22:33:22.284,DBULNES,2025-08-27 22:33:22.284,DBULNES,323,5,1,Hancock Whitney Bank,49,""
2025-08-27 22:33:22.284,DBULNES,2025-08-27 22:33:22.284,DBULNES,PUCA1121040100,6,0,X|X,323,""
2025-08-27 22:33:22.284,DBULNES,2025-08-27 22:33:22.284,DBULNES,322,5,1,Banco Atlantida,49,""
2025-08-27 22:33:22.284,DBULNES,2025-08-27 22:33:22.284,DBULNES,PUCA1121020100,6,0,X|X,322,""
2025-08-27 22:33:22.284,DBULNES,2025-08-27 22:33:22.284,DBULNES,57,5,1,Banco De Occidente,49,""
2025-08-27 22:33:22.284,DBULNES,2025-08-27 22:33:22.284,DBULNES,PUCA1121005100,6,0,X|X,57,""
2025-08-27 22:33:22.284,DBULNES,2025-08-27 22:33:22.284,DBULNES,39,3,1,INVERSIONES Y VALORES,8,""
2025-08-27 22:33:22.284,DBULNES,2025-08-27 22:33:22.284,DBULNES,58,4,1,Inversiones Y Valores,39,""
2025-08-27 22:33:22.284,DBULNES,2025-08-27 22:33:22.284,DBULNES,59,5,1,Inversiones,58,""
2025-08-27 22:33:22.284,DBULNES,2025-08-27 22:33:22.284,DBULNES,40,3,1,CUENTAS POR COBRAR,8,""
2025-08-27 22:33:22.284,DBULNES,2025-08-27 22:33:22.284,DBULNES,60,4,1,Cuentas Por Cobrar,40,""
2025-08-27 22:33:22.284,DBULNES,2025-08-27 22:33:22.284,DBULNES,63,5,1,Cuentas Por Cobrar Clientes,60,""
2025-08-27 22:33:22.284,DBULNES,2025-08-27 22:33:22.284,DBULNES,PUCA1140505001,6,0,X|X,63,""
2025-08-27 22:33:22.284,DBULNES,2025-08-27 22:33:22.284,DBULNES,64,5,1,Cuentas Por Cobrar Relacionados,60,""
2025-08-27 22:33:22.284,DBULNES,2025-08-27 22:33:22.284,DBULNES,PUCA1140510001,6,0,X|X,64,""
2025-08-27 22:33:22.284,DBULNES,2025-08-27 22:33:22.284,DBULNES,65,5,1,Cuentas Por Cobrar Otros,60,""
2025-08-27 22:33:22.284,DBULNES,2025-08-27 22:33:22.284,DBULNES,PUCA1140515001,6,0,X|X,65,""
2025-08-27 22:33:22.284,DBULNES,2025-08-27 22:33:22.284,DBULNES,61,4,1,Anticipos,40,""
2025-08-27 22:33:22.284,DBULNES,2025-08-27 22:33:22.284,DBULNES,66,5,1,Anticipos  A Proveedores,61,""
2025-08-27 22:33:22.284,DBULNES,2025-08-27 22:33:22.284,DBULNES,PUCA1141005001,6,0,X|X,66,""
2025-08-27 22:33:22.284,DBULNES,2025-08-27 22:33:22.284,DBULNES,67,5,1,Anticipos A Empleados,61,""
2025-08-27 22:33:22.284,DBULNES,2025-08-27 22:33:22.284,DBULNES,PUCA1141010001,6,0,X|X,67,""
2025-08-27 22:33:22.284,DBULNES,2025-08-27 22:33:22.284,DBULNES,68,5,1,Anticipos De Impuesto,61,""
2025-08-27 22:33:22.284,DBULNES,2025-08-27 22:33:22.284,DBULNES,PUCA1141015001,6,0,X|X,68,""
2025-08-27 22:33:22.284,DBULNES,2025-08-27 22:33:22.284,DBULNES,62,4,1,Otras Contribuciones A Favor,40,""
2025-08-27 22:33:22.284,DBULNES,2025-08-27 22:33:22.284,DBULNES,PUCA1141505001,5,0,X|X,62,""
2025-08-27 22:33:22.284,DBULNES,2025-08-27 22:33:22.284,DBULNES,41,3,1,INVENTARIOS,8,""
2025-08-27 22:33:22.284,DBULNES,2025-08-27 22:33:22.284,DBULNES,69,4,1,Inventario De Materia Prima,41,""
2025-08-27 22:33:22.284,DBULNES,2025-08-27 22:33:22.284,DBULNES,77,5,1,Inventario De Materia Prima,69,""
2025-08-27 22:33:22.284,DBULNES,2025-08-27 22:33:22.284,DBULNES,PUCA1150505001,6,0,X|X,77,""
2025-08-27 22:33:22.284,DBULNES,2025-08-27 22:33:22.284,DBULNES,70,4,1,Inventario De Productos En Procesos,41,""
2025-08-27 22:33:22.284,DBULNES,2025-08-27 22:33:22.284,DBULNES,78,5,1,Inventario De Productos En Procesos Avic,70,""
2025-08-27 22:33:22.284,DBULNES,2025-08-27 22:33:22.284,DBULNES,PUCA1151005001,6,0,X|X,78,""
2025-08-27 22:33:22.284,DBULNES,2025-08-27 22:33:22.284,DBULNES,79,5,1,Inv De Prod En Procesos Alimentos Balanc,70,""
2025-08-27 22:33:22.284,DBULNES,2025-08-27 22:33:22.284,DBULNES,PUCA1151010001,6,0,X|X,79,""
2025-08-27 22:33:22.284,DBULNES,2025-08-27 22:33:22.284,DBULNES,36,5,1,Inventarios de productos en proceso PPH,70,""
2025-08-27 22:33:22.284,DBULNES,2025-08-27 22:33:22.284,DBULNES,PUCA1151015001,6,0,X|X,36,""
2025-08-27 22:33:22.284,DBULNES,2025-08-27 22:33:22.284,DBULNES,71,4,1,Inventario De Productos Terminados,41,""
2025-08-27 22:33:22.284,DBULNES,2025-08-27 22:33:22.284,DBULNES,80,5,1,Inv De Productos Terminados Sector Avíco,71,""
2025-08-27 22:33:22.284,DBULNES,2025-08-27 22:33:22.284,DBULNES,PUCA1151505001,6,0,X|X,80,""
2025-08-27 22:33:22.284,DBULNES,2025-08-27 22:33:22.284,DBULNES,81,5,1,Inv De Prod Terminados Alimentos Balance,71,""
2025-08-27 22:33:22.284,DBULNES,2025-08-27 22:33:22.284,DBULNES,PUCA1151510001,6,0,X|X,81,""
2025-08-27 22:33:22.284,DBULNES,2025-08-27 22:33:22.284,DBULNES,321,5,1,Inv De Productos Termindos PPH,71,""
2025-08-27 22:33:22.284,DBULNES,2025-08-27 22:33:22.284,DBULNES,PUCA1151515001,6,0,X|X,321,""
2025-08-27 22:33:22.284,DBULNES,2025-08-27 22:33:22.284,DBULNES,72,4,1,Inventario De Insumos,41,""
2025-08-27 22:33:22.284,DBULNES,2025-08-27 22:33:22.284,DBULNES,82,5,1,Inventario De Insumos Productivos,72,""
2025-08-27 22:33:22.284,DBULNES,2025-08-27 22:33:22.284,DBULNES,PUCA1152005001,6,0,X|X,82,""
2025-08-27 22:33:22.284,DBULNES,2025-08-27 22:33:22.284,DBULNES,83,5,1,Inventario De Insumos No Productivos,72,""
2025-08-27 22:33:22.284,DBULNES,2025-08-27 22:33:22.284,DBULNES,PUCA1152010001,6,0,X|X,83,""
2025-08-27 22:33:22.284,DBULNES,2025-08-27 22:33:22.284,DBULNES,73,4,1,Inv.Mercancia No Fabricada Por La Empres,41,""
2025-08-27 22:33:22.284,DBULNES,2025-08-27 22:33:22.284,DBULNES,84,5,1,Inv.Mercancia No Fabricada Por La Empres,73,""
2025-08-27 22:33:22.284,DBULNES,2025-08-27 22:33:22.284,DBULNES,PUCA1152505001,6,0,X|X,84,""
2025-08-27 22:33:22.284,DBULNES,2025-08-27 22:33:22.284,DBULNES,74,4,1,Provisión Por Pérdida De Inventario,41,""
2025-08-27 22:33:22.284,DBULNES,2025-08-27 22:33:22.284,DBULNES,85,5,1,Provisión Por Pérdida De Inventario,74,""
2025-08-27 22:33:22.284,DBULNES,2025-08-27 22:33:22.284,DBULNES,PUCA1153005001,6,0,X|X,85,""
2025-08-27 22:33:22.284,DBULNES,2025-08-27 22:33:22.284,DBULNES,75,4,1,Cuentas Transitorias,41,""
2025-08-27 22:33:22.284,DBULNES,2025-08-27 22:33:22.284,DBULNES,86,5,1,Inventario En Transito,75,""
2025-08-27 22:33:22.284,DBULNES,2025-08-27 22:33:22.284,DBULNES,PUCA1153505001,6,0,X|X,86,""
2025-08-27 22:33:22.284,DBULNES,2025-08-27 22:33:22.284,DBULNES,76,4,1,Inventarios Con Periodo Especial,41,""
2025-08-27 22:33:22.284,DBULNES,2025-08-27 22:33:22.284,DBULNES,PUCA1154010001,5,0,X|X,76,""
2025-08-27 22:33:22.284,DBULNES,2025-08-27 22:33:22.284,DBULNES,42,3,1,ACTIVOS BIOLÓGICOS CORRIENTES,8,""
2025-08-27 22:33:22.284,DBULNES,2025-08-27 22:33:22.284,DBULNES,324,4,1,Biologicos Corrientes en Desarrollo Avic,42,""
2025-08-27 22:33:22.284,DBULNES,2025-08-27 22:33:22.284,DBULNES,PUCA1160505001,5,0,X|X,324,""
2025-08-27 22:33:22.284,DBULNES,2025-08-27 22:33:22.284,DBULNES,43,3,1,ACTIVOS DIFERIDOS,8,""
2025-08-27 22:33:22.284,DBULNES,2025-08-27 22:33:22.284,DBULNES,327,4,1,Otros Activos Diferidos,43,""
2025-08-27 22:33:22.284,DBULNES,2025-08-27 22:33:22.284,DBULNES,PUCA1170515001,5,0,X|X,327,""
2025-08-27 22:33:22.284,DBULNES,2025-08-27 22:33:22.284,DBULNES,328,4,1,Cuentas Transitorias,43,""
2025-08-27 22:33:22.284,DBULNES,2025-08-27 22:33:22.284,DBULNES,PUCA1170520001,5,0,X|X,328,""
2025-08-27 22:33:22.284,DBULNES,2025-08-27 22:33:22.284,DBULNES,326,4,1,Impuestos Diferidos,43,""
2025-08-27 22:33:22.284,DBULNES,2025-08-27 22:33:22.284,DBULNES,PUCA1170510001,5,0,X|X,326,""
2025-08-27 22:33:22.284,DBULNES,2025-08-27 22:33:22.284,DBULNES,325,4,1,Cuentas Pagadas por Anticipado,43,""
2025-08-27 22:33:22.284,DBULNES,2025-08-27 22:33:22.284,DBULNES,PUCA1170505001,5,0,X|X,325,""
2025-08-27 22:33:22.284,DBULNES,2025-08-27 22:33:22.284,DBULNES,18,2,1,ACTIVOS NO CORRIENTES,17,""
2025-08-27 22:33:22.284,DBULNES,2025-08-27 22:33:22.284,DBULNES,44,3,1,ACTIVOS NO CORRIENTES TANGIBLES,18,""
2025-08-27 22:33:22.284,DBULNES,2025-08-27 22:33:22.284,DBULNES,87,4,1,Propiedad Planta y Equipo Neto,44,""
2025-08-27 22:33:22.284,DBULNES,2025-08-27 22:33:22.284,DBULNES,92,5,1,Propiedad Planta y Equipo,87,""
2025-08-27 22:33:22.284,DBULNES,2025-08-27 22:33:22.284,DBULNES,PUCA1210505001,6,0,X|X,92,""
2025-08-27 22:33:22.284,DBULNES,2025-08-27 22:33:22.284,DBULNES,93,5,1,Dep. Acum. Propiedad Planta y Equipo,87,""
2025-08-27 22:33:22.284,DBULNES,2025-08-27 22:33:22.284,DBULNES,PUCA1210510001,6,0,X|X,93,""
2025-08-27 22:33:22.284,DBULNES,2025-08-27 22:33:22.284,DBULNES,88,4,1,Inversiones en Proceso,44,""
2025-08-27 22:33:22.284,DBULNES,2025-08-27 22:33:22.284,DBULNES,94,5,1,Inversiones en Proceso,88,""
2025-08-27 22:33:22.284,DBULNES,2025-08-27 22:33:22.284,DBULNES,PUCA1211005001,6,0,X|X,94,""
2025-08-27 22:33:22.284,DBULNES,2025-08-27 22:33:22.284,DBULNES,89,4,1,Activo Biológico No Corriente,44,""
2025-08-27 22:33:22.284,DBULNES,2025-08-27 22:33:22.284,DBULNES,95,5,1,Activo Biológico No Corriente Avícola,89,""
2025-08-27 22:33:22.284,DBULNES,2025-08-27 22:33:22.284,DBULNES,PUCA1211505001,6,0,X|X,95,""
2025-08-27 22:33:22.284,DBULNES,2025-08-27 22:33:22.284,DBULNES,96,5,1,Agot. Acum.Activo Biológico Sector Avíco,89,""
2025-08-27 22:33:22.284,DBULNES,2025-08-27 22:33:22.284,DBULNES,PUCA1211510001,6,0,X|X,96,""
2025-08-27 22:33:22.284,DBULNES,2025-08-27 22:33:22.284,DBULNES,45,3,1,ACTIVOS NO CORRIENTES INTANGIBLES,18,""
2025-08-27 22:33:22.284,DBULNES,2025-08-27 22:33:22.284,DBULNES,97,4,1,Activos Intangibles,45,""
2025-08-27 22:33:22.284,DBULNES,2025-08-27 22:33:22.284,DBULNES,90,5,1,Programas y Licencias,97,""
2025-08-27 22:33:22.284,DBULNES,2025-08-27 22:33:22.284,DBULNES,PUCA1220505001,6,0,X|X,90,""
2025-08-27 22:33:22.284,DBULNES,2025-08-27 22:33:22.284,DBULNES,98,4,1,Amortizacion Acum. de Activos Intangible,45,""
2025-08-27 22:33:22.284,DBULNES,2025-08-27 22:33:22.284,DBULNES,91,5,1,Amortizacion Acum. Programas,98,""
2025-08-27 22:33:22.284,DBULNES,2025-08-27 22:33:22.284,DBULNES,PUCA1221005001,6,0,X|X,91,""
2025-08-27 22:33:22.284,DBULNES,2025-08-27 22:33:22.284,DBULNES,9,1,1,PASIVOS,ZBEC,""
2025-08-27 22:33:22.284,DBULNES,2025-08-27 22:33:22.284,DBULNES,19,2,1,PASIVO CORRIENTE,9,""
2025-08-27 22:33:22.284,DBULNES,2025-08-27 22:33:22.284,DBULNES,99,3,1,OBLIGACIONES FINANCIERAS C/P,19,""
2025-08-27 22:33:22.284,DBULNES,2025-08-27 22:33:22.284,DBULNES,101,4,1,Obligaciones Financieras,99,""
2025-08-27 22:33:22.284,DBULNES,2025-08-27 22:33:22.284,DBULNES,102,5,1,Obligaciones Financieras Bancos,101,""
2025-08-27 22:33:22.284,DBULNES,2025-08-27 22:33:22.284,DBULNES,PUCA2110505001,6,0,X|X,102,""
2025-08-27 22:33:22.284,DBULNES,2025-08-27 22:33:22.284,DBULNES,103,5,1,Obligaciones Financieras Pagares,101,""
2025-08-27 22:33:22.284,DBULNES,2025-08-27 22:33:22.284,DBULNES,PUCA2110510001,6,0,X|X,103,""
2025-08-27 22:33:22.284,DBULNES,2025-08-27 22:33:22.284,DBULNES,100,3,1,CUENTAS por PAGAR C/P,19,""
2025-08-27 22:33:22.284,DBULNES,2025-08-27 22:33:22.284,DBULNES,104,4,1,Cuentas por Pagar,100,""
2025-08-27 22:33:22.284,DBULNES,2025-08-27 22:33:22.284,DBULNES,111,5,1,Cuentas por Pagar Proveedores,104,""
2025-08-27 22:33:22.284,DBULNES,2025-08-27 22:33:22.284,DBULNES,PUCA2120505001,6,0,X|X,111,""
2025-08-27 22:33:22.284,DBULNES,2025-08-27 22:33:22.284,DBULNES,112,5,1,Cuentas por Pagar Relacionadas,104,""
2025-08-27 22:33:22.284,DBULNES,2025-08-27 22:33:22.284,DBULNES,PUCA2120510001,6,0,X|X,112,""
2025-08-27 22:33:22.284,DBULNES,2025-08-27 22:33:22.284,DBULNES,113,5,1,Cuentas por Pagar Otros,104,""
2025-08-27 22:33:22.284,DBULNES,2025-08-27 22:33:22.284,DBULNES,PUCA2120515001,6,0,X|X,113,""
2025-08-27 22:33:22.284,DBULNES,2025-08-27 22:33:22.284,DBULNES,105,4,1,Retenciones y Aportes de Nómina,100,""
2025-08-27 22:33:22.284,DBULNES,2025-08-27 22:33:22.284,DBULNES,114,5,1,Retenciones de Nómina,105,""
2025-08-27 22:33:22.284,DBULNES,2025-08-27 22:33:22.284,DBULNES,PUCA2121005001,6,0,X|X,114,""
2025-08-27 22:33:22.284,DBULNES,2025-08-27 22:33:22.284,DBULNES,115,5,1,Aportes de Nómina,105,""
2025-08-27 22:33:22.284,DBULNES,2025-08-27 22:33:22.284,DBULNES,PUCA2121010001,6,0,X|X,115,""
2025-08-27 22:33:22.284,DBULNES,2025-08-27 22:33:22.284,DBULNES,106,4,1,"Impuestos, Tasas y Contribuciones",100,""
2025-08-27 22:33:22.284,DBULNES,2025-08-27 22:33:22.284,DBULNES,116,5,1,"Impuestos, Tasas y Contribuciones",106,""
2025-08-27 22:33:22.284,DBULNES,2025-08-27 22:33:22.284,DBULNES,PUCA2121505001,6,0,X|X,116,""
2025-08-27 22:33:22.284,DBULNES,2025-08-27 22:33:22.284,DBULNES,107,4,1,Sueldos y Salarios por Pagar,100,""
2025-08-27 22:33:22.284,DBULNES,2025-08-27 22:33:22.284,DBULNES,117,5,1,Sueldos y Salarios por Pagar,107,""
2025-08-27 22:33:22.284,DBULNES,2025-08-27 22:33:22.284,DBULNES,PUCA2122005001,6,0,X|X,117,""
2025-08-27 22:33:22.284,DBULNES,2025-08-27 22:33:22.284,DBULNES,118,5,1,Provisiones Laborales por Pagar,107,""
2025-08-27 22:33:22.284,DBULNES,2025-08-27 22:33:22.284,DBULNES,PUCA2122010001,6,0,X|X,118,""
2025-08-27 22:33:22.284,DBULNES,2025-08-27 22:33:22.284,DBULNES,108,4,1,Provisiones,100,""
2025-08-27 22:33:22.284,DBULNES,2025-08-27 22:33:22.284,DBULNES,119,5,1,Provisiones Servicios,108,""
2025-08-27 22:33:22.284,DBULNES,2025-08-27 22:33:22.284,DBULNES,PUCA2122505001,6,0,X|X,119,""
2025-08-27 22:33:22.284,DBULNES,2025-08-27 22:33:22.284,DBULNES,120,5,1,Provisiones Operativas y Administrativas,108,""
2025-08-27 22:33:22.284,DBULNES,2025-08-27 22:33:22.284,DBULNES,PUCA2122510001,6,0,X|X,120,""
2025-08-27 22:33:22.284,DBULNES,2025-08-27 22:33:22.284,DBULNES,109,4,1,Anticipos de Clientes,100,""
2025-08-27 22:33:22.284,DBULNES,2025-08-27 22:33:22.284,DBULNES,121,5,1,Anticipos de Clientes,109,""
2025-08-27 22:33:22.284,DBULNES,2025-08-27 22:33:22.284,DBULNES,PUCA2123005001,6,0,X|X,121,""
2025-08-27 22:33:22.284,DBULNES,2025-08-27 22:33:22.284,DBULNES,110,4,1,Cuentas Transitorias,100,""
2025-08-27 22:33:22.284,DBULNES,2025-08-27 22:33:22.284,DBULNES,122,5,1,Cuentas Transitorias,110,""
2025-08-27 22:33:22.284,DBULNES,2025-08-27 22:33:22.284,DBULNES,PUCA2123505001,6,0,X|X,122,""
2025-08-27 22:33:22.284,DBULNES,2025-08-27 22:33:22.284,DBULNES,20,2,1,PASIVOS NO CORRIENTES,9,""
2025-08-27 22:33:22.284,DBULNES,2025-08-27 22:33:22.284,DBULNES,123,3,1,OBLIGACIONES FINANCIERAS L/P,20,""
2025-08-27 22:33:22.284,DBULNES,2025-08-27 22:33:22.284,DBULNES,124,4,1,Obligaciones Financieras,123,""
2025-08-27 22:33:22.284,DBULNES,2025-08-27 22:33:22.284,DBULNES,125,5,1,Obligaciones Financieras de Pagares L/P,124,""
2025-08-27 22:33:22.284,DBULNES,2025-08-27 22:33:22.284,DBULNES,PUCA2210505001,6,0,X|X,125,""
2025-08-27 22:33:22.284,DBULNES,2025-08-27 22:33:22.284,DBULNES,10,1,1,CAPITAL,ZBEC,""
2025-08-27 22:33:22.284,DBULNES,2025-08-27 22:33:22.284,DBULNES,21,2,1,CAPITAL,10,""
2025-08-27 22:33:22.284,DBULNES,2025-08-27 22:33:22.284,DBULNES,126,3,1,CAPITAL,21,""
2025-08-27 22:33:22.284,DBULNES,2025-08-27 22:33:22.284,DBULNES,127,4,1,CAPITAL SOCIAL,126,""
2025-08-27 22:33:22.284,DBULNES,2025-08-27 22:33:22.284,DBULNES,130,5,1,Capital Social,127,""
2025-08-27 22:33:22.284,DBULNES,2025-08-27 22:33:22.284,DBULNES,131,6,1,Capital Autorizado,130,""
2025-08-27 22:33:22.284,DBULNES,2025-08-27 22:33:22.284,DBULNES,PUCA3110505001,7,0,X|X,131,""
2025-08-27 22:33:22.284,DBULNES,2025-08-27 22:33:22.284,DBULNES,128,4,1,SUPERAVIT Y RESERVAS,126,""
2025-08-27 22:33:22.284,DBULNES,2025-08-27 22:33:22.284,DBULNES,132,5,1,Reservas,128,""
2025-08-27 22:33:22.284,DBULNES,2025-08-27 22:33:22.284,DBULNES,133,6,1,Reservas Legales,132,""
2025-08-27 22:33:22.284,DBULNES,2025-08-27 22:33:22.284,DBULNES,PUCA3120505001,7,0,X|X,133,""
2025-08-27 22:33:22.284,DBULNES,2025-08-27 22:33:22.284,DBULNES,129,4,1,RESULTADOS,126,""
2025-08-27 22:33:22.284,DBULNES,2025-08-27 22:33:22.284,DBULNES,134,5,1,Resultados del Ejercicio,129,""
2025-08-27 22:33:22.284,DBULNES,2025-08-27 22:33:22.284,DBULNES,136,6,1,Utilidad o Perdida del Ejercicio,134,""
2025-08-27 22:33:22.284,DBULNES,2025-08-27 22:33:22.284,DBULNES,PUCA3130505001,7,0,X|X,136,""
2025-08-27 22:33:22.284,DBULNES,2025-08-27 22:33:22.284,DBULNES,137,6,1,Actualizaciones de Utilidades o Pérdidas,134,""
2025-08-27 22:33:22.284,DBULNES,2025-08-27 22:33:22.284,DBULNES,135,5,1,Resultados Acumulados,129,""
2025-08-27 22:33:22.284,DBULNES,2025-08-27 22:33:22.284,DBULNES,138,6,1,Utilidad o Perdida de Ejercicios Anterio,135,""
2025-08-27 22:33:22.284,DBULNES,2025-08-27 22:33:22.284,DBULNES,PUCA3131005001,7,0,X|X,138,""
2025-08-27 22:33:22.284,DBULNES,2025-08-27 22:33:22.284,DBULNES,139,6,1,Actualizaciones de Utilidades o Pérdidas,135,""
2025-08-27 22:33:22.284,DBULNES,2025-08-27 22:33:22.284,DBULNES,11,1,1,INGRESOS,ZBEC,""
2025-08-27 22:33:22.284,DBULNES,2025-08-27 22:33:22.284,DBULNES,22,2,1,VENTAS NETAS OPERATIVAS,11,""
2025-08-27 22:33:22.284,DBULNES,2025-08-27 22:33:22.284,DBULNES,140,3,1,VENTAS NETAS OPERATIVAS  NACIONALES,22,""
2025-08-27 22:33:22.284,DBULNES,2025-08-27 22:33:22.284,DBULNES,142,4,1,Venta del Sector Agro,140,""
2025-08-27 22:33:22.284,DBULNES,2025-08-27 22:33:22.284,DBULNES,145,5,1,Ventas del Sector Avícola,142,""
2025-08-27 22:33:22.284,DBULNES,2025-08-27 22:33:22.284,DBULNES,PUCA4110505001,6,0,X|X,145,""
2025-08-27 22:33:22.284,DBULNES,2025-08-27 22:33:22.284,DBULNES,146,5,1,Ventas del Sector Alimentos Balanceados,142,""
2025-08-27 22:33:22.284,DBULNES,2025-08-27 22:33:22.284,DBULNES,PUCA4110510001,6,0,X|X,146,""
2025-08-27 22:33:22.284,DBULNES,2025-08-27 22:33:22.284,DBULNES,143,4,1,Venta de Productos Industrializados Agro,140,""
2025-08-27 22:33:22.284,DBULNES,2025-08-27 22:33:22.284,DBULNES,147,5,1,Ventas de Prod Derivados Del Sector Avic,143,""
2025-08-27 22:33:22.284,DBULNES,2025-08-27 22:33:22.284,DBULNES,PUCA4111005001,6,0,X|X,147,""
2025-08-27 22:33:22.284,DBULNES,2025-08-27 22:33:22.284,DBULNES,144,4,1,"Descuentos, Rebajas y Devoluciones",140,""
2025-08-27 22:33:22.284,DBULNES,2025-08-27 22:33:22.284,DBULNES,148,5,1,"Descuentos, Rebajas y Devoluciones",144,""
2025-08-27 22:33:22.284,DBULNES,2025-08-27 22:33:22.284,DBULNES,PUCA4111505001,6,0,X|X,148,""
2025-08-27 22:33:22.284,DBULNES,2025-08-27 22:33:22.284,DBULNES,141,3,1,VENTAS NETAS OPERATIVAS AL EXTERIOR,22,""
2025-08-27 22:33:22.284,DBULNES,2025-08-27 22:33:22.284,DBULNES,149,4,1,Venta del Sector Agro,141,""
2025-08-27 22:33:22.284,DBULNES,2025-08-27 22:33:22.284,DBULNES,152,5,1,Ventas del Sector Avícola,149,""
2025-08-27 22:33:22.284,DBULNES,2025-08-27 22:33:22.284,DBULNES,PUCA4120505001,6,0,X|X,152,""
2025-08-27 22:33:22.284,DBULNES,2025-08-27 22:33:22.284,DBULNES,153,5,1,Ventas del Sector Alimentos Balanceados,149,""
2025-08-27 22:33:22.284,DBULNES,2025-08-27 22:33:22.284,DBULNES,PUCA4120510001,6,0,X|X,153,""
2025-08-27 22:33:22.284,DBULNES,2025-08-27 22:33:22.284,DBULNES,150,4,1,Ventas de Prod Indust del Sector Agro,141,""
2025-08-27 22:33:22.284,DBULNES,2025-08-27 22:33:22.284,DBULNES,154,5,1,Ventas de Productos Derivados del Sector,150,""
2025-08-27 22:33:22.284,DBULNES,2025-08-27 22:33:22.284,DBULNES,PUCA4121005001,6,0,X|X,154,""
2025-08-27 22:33:22.284,DBULNES,2025-08-27 22:33:22.284,DBULNES,151,4,1,"Descuentos, Rebajas y Devoluciones",141,""
2025-08-27 22:33:22.284,DBULNES,2025-08-27 22:33:22.284,DBULNES,155,5,1,"Descuentos, Rebajas y Devoluciones",151,""
2025-08-27 22:33:22.284,DBULNES,2025-08-27 22:33:22.284,DBULNES,PUCA4121505001,6,0,X|X,155,""
2025-08-27 22:33:22.284,DBULNES,2025-08-27 22:33:22.284,DBULNES,23,2,1,VENTAS NETAS NO OPERACIONALES,11,""
2025-08-27 22:33:22.284,DBULNES,2025-08-27 22:33:22.284,DBULNES,156,3,1,VENTAS NETAS NO OPERACIONALES,23,""
2025-08-27 22:33:22.284,DBULNES,2025-08-27 22:33:22.284,DBULNES,157,4,1,Ventas del Sector Avicola,156,""
2025-08-27 22:33:22.284,DBULNES,2025-08-27 22:33:22.284,DBULNES,160,5,1,Ventas del Sector Avicola,157,""
2025-08-27 22:33:22.284,DBULNES,2025-08-27 22:33:22.284,DBULNES,PUCA4210505001,6,0,X|X,160,""
2025-08-27 22:33:22.284,DBULNES,2025-08-27 22:33:22.284,DBULNES,158,4,1,Otras Ventas,156,""
2025-08-27 22:33:22.284,DBULNES,2025-08-27 22:33:22.284,DBULNES,161,5,1,Otras Ventas,158,""
2025-08-27 22:33:22.284,DBULNES,2025-08-27 22:33:22.284,DBULNES,PUCA4211005001,6,0,X|X,161,""
2025-08-27 22:33:22.284,DBULNES,2025-08-27 22:33:22.284,DBULNES,159,4,1,"Descuentos, Rebajas y Devoluciones",156,""
2025-08-27 22:33:22.284,DBULNES,2025-08-27 22:33:22.284,DBULNES,162,5,1,"Descuentos, Rebajas y Devoluciones",159,""
2025-08-27 22:33:22.284,DBULNES,2025-08-27 22:33:22.284,DBULNES,PUCA4211505001,6,0,X|X,162,""
2025-08-27 22:33:22.284,DBULNES,2025-08-27 22:33:22.284,DBULNES,12,1,1,COSTO DE VENTAS,ZBEC,""
2025-08-27 22:33:22.284,DBULNES,2025-08-27 22:33:22.284,DBULNES,24,2,1,COSTO DE VENTAS OPERACIONALES,12,""
2025-08-27 22:33:22.284,DBULNES,2025-08-27 22:33:22.284,DBULNES,163,3,1,COSTO DE VENTAS OPERACIONALES NACIONALES,24,""
2025-08-27 22:33:22.284,DBULNES,2025-08-27 22:33:22.284,DBULNES,165,4,1,Costo de Venta del Sector Agro,163,""
2025-08-27 22:33:22.284,DBULNES,2025-08-27 22:33:22.284,DBULNES,167,5,1,Costo de Ventas del Sector Avícola,165,""
2025-08-27 22:33:22.284,DBULNES,2025-08-27 22:33:22.284,DBULNES,PUCA5110505001,6,0,X|X,167,""
2025-08-27 22:33:22.284,DBULNES,2025-08-27 22:33:22.284,DBULNES,168,5,1,Costo de Ventas del Sector Alimentos Bal,165,""
2025-08-27 22:33:22.284,DBULNES,2025-08-27 22:33:22.284,DBULNES,PUCA5110510001,6,0,X|X,168,""
2025-08-27 22:33:22.284,DBULNES,2025-08-27 22:33:22.284,DBULNES,166,4,1,Cst Vta Productos Industrializados Agro,163,""
2025-08-27 22:33:22.284,DBULNES,2025-08-27 22:33:22.284,DBULNES,169,5,1,Cs Vtas de Prod Derivados Sector Avicola,166,""
2025-08-27 22:33:22.284,DBULNES,2025-08-27 22:33:22.284,DBULNES,PUCA5111005001,6,0,X|X,169,""
2025-08-27 22:33:22.284,DBULNES,2025-08-27 22:33:22.284,DBULNES,164,3,1,COSTO DE VENTAS OPERACIONALES AL EXTERIO,24,""
2025-08-27 22:33:22.284,DBULNES,2025-08-27 22:33:22.284,DBULNES,170,4,1,Costo de Venta del Sector Agro,164,""
2025-08-27 22:33:22.284,DBULNES,2025-08-27 22:33:22.284,DBULNES,172,5,1,Costo de Ventas del Sector Avícola,170,""
2025-08-27 22:33:22.284,DBULNES,2025-08-27 22:33:22.284,DBULNES,PUCA5120505001,6,0,X|X,172,""
2025-08-27 22:33:22.284,DBULNES,2025-08-27 22:33:22.284,DBULNES,173,5,1,Costo de Ventas  Sector Alimentos Balanc,170,""
2025-08-27 22:33:22.284,DBULNES,2025-08-27 22:33:22.284,DBULNES,PUCA5120510001,6,0,X|X,173,""
2025-08-27 22:33:22.284,DBULNES,2025-08-27 22:33:22.284,DBULNES,171,4,1,Cts Vtas Prod Indust Al Ext del sector A,164,""
2025-08-27 22:33:22.284,DBULNES,2025-08-27 22:33:22.284,DBULNES,174,5,1,Cts Vts Prod Deri del sector Avicola,171,""
2025-08-27 22:33:22.284,DBULNES,2025-08-27 22:33:22.284,DBULNES,PUCA5121005001,6,0,X|X,174,""
2025-08-27 22:33:22.284,DBULNES,2025-08-27 22:33:22.284,DBULNES,25,2,1,COSTO DE VENTA NO OPERACIONAL,12,""
2025-08-27 22:33:22.284,DBULNES,2025-08-27 22:33:22.284,DBULNES,175,3,1,COSTO DE VENTA NO OPERACIONAL,25,""
2025-08-27 22:33:22.284,DBULNES,2025-08-27 22:33:22.284,DBULNES,176,4,1,Costos de Ventas del Sector Avicola,175,""
2025-08-27 22:33:22.284,DBULNES,2025-08-27 22:33:22.284,DBULNES,178,5,1,Costo de Ventas del Sector Avicola,176,""
2025-08-27 22:33:22.284,DBULNES,2025-08-27 22:33:22.284,DBULNES,PUCA5210505001,6,0,X|X,178,""
2025-08-27 22:33:22.284,DBULNES,2025-08-27 22:33:22.284,DBULNES,177,4,1,Costo de Otras Ventas,175,""
2025-08-27 22:33:22.284,DBULNES,2025-08-27 22:33:22.284,DBULNES,179,5,1,Costo de Otras Ventas,177,""
2025-08-27 22:33:22.284,DBULNES,2025-08-27 22:33:22.284,DBULNES,PUCA5211005001,6,0,X|X,179,""
2025-08-27 22:33:22.284,DBULNES,2025-08-27 22:33:22.284,DBULNES,26,2,1,REVALUACIÓN MATERIAL LEGER,12,""
2025-08-27 22:33:22.284,DBULNES,2025-08-27 22:33:22.284,DBULNES,180,3,1,REVALUACIÓN MATERIAL LEGER,26,""
2025-08-27 22:33:22.284,DBULNES,2025-08-27 22:33:22.284,DBULNES,181,4,1,Costos Compensación Material Ledger,180,""
2025-08-27 22:33:22.284,DBULNES,2025-08-27 22:33:22.284,DBULNES,182,5,1,Costos Material Ledger,181,""
2025-08-27 22:33:22.284,DBULNES,2025-08-27 22:33:22.284,DBULNES,PUCA5310505001,6,0,X|X,182,""
2025-08-27 22:33:22.284,DBULNES,2025-08-27 22:33:22.284,DBULNES,13,1,1,COSTOS DE PRODUCCION,ZBEC,""
2025-08-27 22:33:22.284,DBULNES,2025-08-27 22:33:22.284,DBULNES,27,2,1,Costos Directos De Fabricación,13,""
2025-08-27 22:33:22.284,DBULNES,2025-08-27 22:33:22.284,DBULNES,183,3,1,Costos de Materia Prima Directa,27,""
2025-08-27 22:33:22.284,DBULNES,2025-08-27 22:33:22.284,DBULNES,184,4,1,Costos Directos de Materia Prima Agro,183,""
2025-08-27 22:33:22.284,DBULNES,2025-08-27 22:33:22.284,DBULNES,185,5,1,Consumos Materia Prima,184,""
2025-08-27 22:33:22.284,DBULNES,2025-08-27 22:33:22.284,DBULNES,PUCA6110505001,6,0,X|X,185,""
2025-08-27 22:33:22.284,DBULNES,2025-08-27 22:33:22.284,DBULNES,186,5,1,Consumos Materia Prima Sector Avícola,184,""
2025-08-27 22:33:22.284,DBULNES,2025-08-27 22:33:22.284,DBULNES,PUCA6110510001,6,0,X|X,186,""
2025-08-27 22:33:22.284,DBULNES,2025-08-27 22:33:22.284,DBULNES,187,5,1,Consumos Materia Prima Sector Alimentos,184,""
2025-08-27 22:33:22.284,DBULNES,2025-08-27 22:33:22.284,DBULNES,PUCA6110515001,6,0,X|X,187,""
2025-08-27 22:33:22.284,DBULNES,2025-08-27 22:33:22.284,DBULNES,188,5,1,Consumos Productos Terminados Sector Aví,184,""
2025-08-27 22:33:22.284,DBULNES,2025-08-27 22:33:22.284,DBULNES,PUCA6110520001,6,0,X|X,188,""
2025-08-27 22:33:22.284,DBULNES,2025-08-27 22:33:22.284,DBULNES,189,5,1,Consumos de Insumos Productivos,184,""
2025-08-27 22:33:22.284,DBULNES,2025-08-27 22:33:22.284,DBULNES,PUCA6110525001,6,0,X|X,189,""
2025-08-27 22:33:22.284,DBULNES,2025-08-27 22:33:22.284,DBULNES,190,3,1,COSTOS DE MANO de OBRA DIRECTA,27,""
2025-08-27 22:33:22.284,DBULNES,2025-08-27 22:33:22.284,DBULNES,192,4,1,Remuneración a Empleados,190,""
2025-08-27 22:33:22.284,DBULNES,2025-08-27 22:33:22.284,DBULNES,194,5,1,Sueldos y Salarios,192,""
2025-08-27 22:33:22.284,DBULNES,2025-08-27 22:33:22.284,DBULNES,PUCA6120505001,6,0,X|X,194,""
2025-08-27 22:33:22.284,DBULNES,2025-08-27 22:33:22.284,DBULNES,195,5,1,Horas Extras,192,""
2025-08-27 22:33:22.284,DBULNES,2025-08-27 22:33:22.284,DBULNES,PUCA6120510001,6,0,X|X,195,""
2025-08-27 22:33:22.284,DBULNES,2025-08-27 22:33:22.284,DBULNES,196,5,1,Bonificaciones,192,""
2025-08-27 22:33:22.284,DBULNES,2025-08-27 22:33:22.284,DBULNES,PUCA6120515001,6,0,X|X,196,""
2025-08-27 22:33:22.284,DBULNES,2025-08-27 22:33:22.284,DBULNES,193,4,1,Prestaciones Sociales,190,""
2025-08-27 22:33:22.284,DBULNES,2025-08-27 22:33:22.284,DBULNES,197,5,1,Obligaciones Laborales,193,""
2025-08-27 22:33:22.284,DBULNES,2025-08-27 22:33:22.284,DBULNES,PUCA6121005001,6,0,X|X,197,""
2025-08-27 22:33:22.284,DBULNES,2025-08-27 22:33:22.284,DBULNES,198,5,1,Aportes Patronales,193,""
2025-08-27 22:33:22.284,DBULNES,2025-08-27 22:33:22.284,DBULNES,PUCA6121010001,6,0,X|X,198,""
2025-08-27 22:33:22.284,DBULNES,2025-08-27 22:33:22.284,DBULNES,191,3,1,SERVICIOS DIRECTOS DE FABRICACIÓN,27,""
2025-08-27 22:33:22.284,DBULNES,2025-08-27 22:33:22.284,DBULNES,199,4,1,Servicios Directos de Fabricación,191,""
2025-08-27 22:33:22.284,DBULNES,2025-08-27 22:33:22.284,DBULNES,200,5,1,Servicios de Maquila,199,""
2025-08-27 22:33:22.284,DBULNES,2025-08-27 22:33:22.284,DBULNES,PUCA6130505001,6,0,X|X,200,""
2025-08-27 22:33:22.284,DBULNES,2025-08-27 22:33:22.284,DBULNES,28,2,1,COSTOS INDIRECTOS DE FABRICACIÓN,13,""
2025-08-27 22:33:22.284,DBULNES,2025-08-27 22:33:22.284,DBULNES,201,3,1,COSTO DE MATERIALES INDIRECTOS,28,""
2025-08-27 22:33:22.284,DBULNES,2025-08-27 22:33:22.284,DBULNES,204,4,1,Consumo de Materiales Indirectos,201,""
2025-08-27 22:33:22.284,DBULNES,2025-08-27 22:33:22.284,DBULNES,205,5,1,Consumos de Insumos Indirectos,204,""
2025-08-27 22:33:22.284,DBULNES,2025-08-27 22:33:22.284,DBULNES,PUCA6210505001,6,0,X|X,205,""
2025-08-27 22:33:22.284,DBULNES,2025-08-27 22:33:22.284,DBULNES,202,3,1,COSTOS DE MANO DE OBRA INDIRECTA,28,""
2025-08-27 22:33:22.284,DBULNES,2025-08-27 22:33:22.284,DBULNES,206,4,1,Remuneración a Empleados,202,""
2025-08-27 22:33:22.284,DBULNES,2025-08-27 22:33:22.284,DBULNES,208,5,1,Sueldos y Salarios,206,""
2025-08-27 22:33:22.284,DBULNES,2025-08-27 22:33:22.284,DBULNES,PUCA6220505001,6,0,X|X,208,""
2025-08-27 22:33:22.284,DBULNES,2025-08-27 22:33:22.284,DBULNES,209,5,1,Horas Extras,206,""
2025-08-27 22:33:22.284,DBULNES,2025-08-27 22:33:22.284,DBULNES,PUCA6220510001,6,0,X|X,209,""
2025-08-27 22:33:22.284,DBULNES,2025-08-27 22:33:22.284,DBULNES,210,5,1,Bonificaciones,206,""
2025-08-27 22:33:22.284,DBULNES,2025-08-27 22:33:22.284,DBULNES,PUCA6220515001,6,0,X|X,210,""
2025-08-27 22:33:22.284,DBULNES,2025-08-27 22:33:22.284,DBULNES,207,4,1,Prestaciones Sociales,202,""
2025-08-27 22:33:22.284,DBULNES,2025-08-27 22:33:22.284,DBULNES,211,5,1,Obligaciones Laborales,207,""
2025-08-27 22:33:22.284,DBULNES,2025-08-27 22:33:22.284,DBULNES,PUCA6221005001,6,0,X|X,211,""
2025-08-27 22:33:22.284,DBULNES,2025-08-27 22:33:22.284,DBULNES,212,5,1,Aportes Patronales,207,""
2025-08-27 22:33:22.284,DBULNES,2025-08-27 22:33:22.284,DBULNES,PUCA6221010001,6,0,X|X,212,""
2025-08-27 22:33:22.284,DBULNES,2025-08-27 22:33:22.284,DBULNES,203,3,1,OTROS COSTOS INDIRECTOS DE FABRICACIÓN,28,""
2025-08-27 22:33:22.284,DBULNES,2025-08-27 22:33:22.284,DBULNES,213,4,1,Gastos de Personal,203,""
2025-08-27 22:33:22.284,DBULNES,2025-08-27 22:33:22.284,DBULNES,221,5,1,Beneficios Laborales,213,""
2025-08-27 22:33:22.284,DBULNES,2025-08-27 22:33:22.284,DBULNES,PUCA6230505001,6,0,X|X,221,""
2025-08-27 22:33:22.284,DBULNES,2025-08-27 22:33:22.284,DBULNES,222,5,1,Clima Organizacional,213,""
2025-08-27 22:33:22.284,DBULNES,2025-08-27 22:33:22.284,DBULNES,PUCA6230510001,6,0,X|X,222,""
2025-08-27 22:33:22.284,DBULNES,2025-08-27 22:33:22.284,DBULNES,223,5,1,Capacitación del Personal,213,""
2025-08-27 22:33:22.284,DBULNES,2025-08-27 22:33:22.284,DBULNES,PUCA6230515001,6,0,X|X,223,""
2025-08-27 22:33:22.284,DBULNES,2025-08-27 22:33:22.284,DBULNES,224,5,1,Otros Gastos del Personal,213,""
2025-08-27 22:33:22.284,DBULNES,2025-08-27 22:33:22.284,DBULNES,PUCA6230520001,6,0,X|X,224,""
2025-08-27 22:33:22.284,DBULNES,2025-08-27 22:33:22.284,DBULNES,214,4,1,Alquileres y Arrendamientos,203,""
2025-08-27 22:33:22.284,DBULNES,2025-08-27 22:33:22.284,DBULNES,225,5,1,Bienes Inmuebles,214,""
2025-08-27 22:33:22.284,DBULNES,2025-08-27 22:33:22.284,DBULNES,PUCA6231005001,6,0,X|X,225,""
2025-08-27 22:33:22.284,DBULNES,2025-08-27 22:33:22.284,DBULNES,226,5,1,Bienes Muebles,214,""
2025-08-27 22:33:22.284,DBULNES,2025-08-27 22:33:22.284,DBULNES,PUCA6231010001,6,0,X|X,226,""
2025-08-27 22:33:22.284,DBULNES,2025-08-27 22:33:22.284,DBULNES,215,4,1,Impuestos y Contribuciones,203,""
2025-08-27 22:33:22.284,DBULNES,2025-08-27 22:33:22.284,DBULNES,227,5,1,Impuestos,215,""
2025-08-27 22:33:22.284,DBULNES,2025-08-27 22:33:22.284,DBULNES,PUCA6231505001,6,0,X|X,227,""
2025-08-27 22:33:22.284,DBULNES,2025-08-27 22:33:22.284,DBULNES,228,5,1,Tasas y Arbitrios,215,""
2025-08-27 22:33:22.284,DBULNES,2025-08-27 22:33:22.284,DBULNES,PUCA6231510001,6,0,X|X,228,""
2025-08-27 22:33:22.284,DBULNES,2025-08-27 22:33:22.284,DBULNES,216,4,1,Servicios de Terceros,203,""
2025-08-27 22:33:22.284,DBULNES,2025-08-27 22:33:22.284,DBULNES,229,5,1,Honorarios Profesionales,216,""
2025-08-27 22:33:22.284,DBULNES,2025-08-27 22:33:22.284,DBULNES,PUCA6232005001,6,0,X|X,229,""
2025-08-27 22:33:22.284,DBULNES,2025-08-27 22:33:22.284,DBULNES,230,5,1,Servicios de Apoyo,216,""
2025-08-27 22:33:22.284,DBULNES,2025-08-27 22:33:22.284,DBULNES,PUCA6232010001,6,0,X|X,230,""
2025-08-27 22:33:22.284,DBULNES,2025-08-27 22:33:22.284,DBULNES,231,4,1,Gastos Generales,203,""
2025-08-27 22:33:22.284,DBULNES,2025-08-27 22:33:22.284,DBULNES,235,5,1,Materiales y Suministros,231,""
2025-08-27 22:33:22.284,DBULNES,2025-08-27 22:33:22.284,DBULNES,PUCA6232505001,6,0,X|X,235,""
2025-08-27 22:33:22.284,DBULNES,2025-08-27 22:33:22.284,DBULNES,236,5,1,Combustibles y Lubricantes,231,""
2025-08-27 22:33:22.284,DBULNES,2025-08-27 22:33:22.284,DBULNES,PUCA6232510001,6,0,X|X,236,""
2025-08-27 22:33:22.284,DBULNES,2025-08-27 22:33:22.284,DBULNES,237,5,1,Servicios,231,""
2025-08-27 22:33:22.284,DBULNES,2025-08-27 22:33:22.284,DBULNES,PUCA6232515001,6,0,X|X,237,""
2025-08-27 22:33:22.284,DBULNES,2025-08-27 22:33:22.284,DBULNES,238,5,1,Gastos Legales,231,""
2025-08-27 22:33:22.284,DBULNES,2025-08-27 22:33:22.284,DBULNES,PUCA6232520001,6,0,X|X,238,""
2025-08-27 22:33:22.284,DBULNES,2025-08-27 22:33:22.284,DBULNES,239,5,1,Gastos de Viaje,231,""
2025-08-27 22:33:22.284,DBULNES,2025-08-27 22:33:22.284,DBULNES,PUCA6232525001,6,0,X|X,239,""
2025-08-27 22:33:22.284,DBULNES,2025-08-27 22:33:22.284,DBULNES,240,5,1,Parqueos y Peajes,231,""
2025-08-27 22:33:22.284,DBULNES,2025-08-27 22:33:22.284,DBULNES,PUCA6232530001,6,0,X|X,240,""
2025-08-27 22:33:22.284,DBULNES,2025-08-27 22:33:22.284,DBULNES,241,5,1,Seguridad Industrial,231,""
2025-08-27 22:33:22.284,DBULNES,2025-08-27 22:33:22.284,DBULNES,PUCA6232535001,6,0,X|X,241,""
2025-08-27 22:33:22.284,DBULNES,2025-08-27 22:33:22.284,DBULNES,242,5,1,Bioseguridad,231,""
2025-08-27 22:33:22.284,DBULNES,2025-08-27 22:33:22.284,DBULNES,PUCA6232540001,6,0,X|X,242,""
2025-08-27 22:33:22.284,DBULNES,2025-08-27 22:33:22.284,DBULNES,243,5,1,Otros Gastos,231,""
2025-08-27 22:33:22.284,DBULNES,2025-08-27 22:33:22.284,DBULNES,PUCA6232545001,6,0,X|X,243,""
2025-08-27 22:33:22.284,DBULNES,2025-08-27 22:33:22.284,DBULNES,218,4,1,Mantenimiento y Reparaciones,203,""
2025-08-27 22:33:22.284,DBULNES,2025-08-27 22:33:22.284,DBULNES,217,5,1,Mantenimiento y Reparaciones,218,""
2025-08-27 22:33:22.284,DBULNES,2025-08-27 22:33:22.284,DBULNES,PUCA6233005001,6,0,X|X,217,""
2025-08-27 22:33:22.284,DBULNES,2025-08-27 22:33:22.284,DBULNES,219,4,1,Primas de Seguro,203,""
2025-08-27 22:33:22.284,DBULNES,2025-08-27 22:33:22.284,DBULNES,249,5,1,Primas de Seguro Daños,219,""
2025-08-27 22:33:22.284,DBULNES,2025-08-27 22:33:22.284,DBULNES,PUCA6233505001,6,0,X|X,249,""
2025-08-27 22:33:22.284,DBULNES,2025-08-27 22:33:22.284,DBULNES,220,4,1,"Depreciaciones, Amortización y Agotamien",203,""
2025-08-27 22:33:22.284,DBULNES,2025-08-27 22:33:22.284,DBULNES,250,5,1,Depreciación Propiedad Planta y Equipo,220,""
2025-08-27 22:33:22.284,DBULNES,2025-08-27 22:33:22.284,DBULNES,PUCA6234005001,6,0,X|X,250,""
2025-08-27 22:33:22.284,DBULNES,2025-08-27 22:33:22.284,DBULNES,251,5,1,Amortizacion Activos Intangibles,220,""
2025-08-27 22:33:22.284,DBULNES,2025-08-27 22:33:22.284,DBULNES,PUCA6234010001,6,0,X|X,251,""
2025-08-27 22:33:22.284,DBULNES,2025-08-27 22:33:22.284,DBULNES,252,5,1,Agotamiento Activo Biológico Sector Avíc,220,""
2025-08-27 22:33:22.284,DBULNES,2025-08-27 22:33:22.284,DBULNES,PUCA6234015001,6,0,X|X,252,""
2025-08-27 22:33:22.284,DBULNES,2025-08-27 22:33:22.284,DBULNES,29,2,1,CUENTAS DE CIERRE COSTOS DE PRODUCCIÓN,13,""
2025-08-27 22:33:22.284,DBULNES,2025-08-27 22:33:22.284,DBULNES,232,3,1,CUENTAS DE CIERRE COSTOS DE PRODUCCIÓN,29,""
2025-08-27 22:33:22.284,DBULNES,2025-08-27 22:33:22.284,DBULNES,233,4,1,Costos de Producción en Proceso (WIP),232,""
2025-08-27 22:33:22.284,DBULNES,2025-08-27 22:33:22.284,DBULNES,244,5,1,Ctas Cierre Costos de Prod Sector,233,""
2025-08-27 22:33:22.284,DBULNES,2025-08-27 22:33:22.284,DBULNES,PUCA6310505001,6,0,X|X,244,""
2025-08-27 22:33:22.284,DBULNES,2025-08-27 22:33:22.284,DBULNES,234,4,1,Variaciones Generales,232,""
2025-08-27 22:33:22.284,DBULNES,2025-08-27 22:33:22.284,DBULNES,246,5,1,Variaciones Generales,234,""
2025-08-27 22:33:22.284,DBULNES,2025-08-27 22:33:22.284,DBULNES,PUCA6311010001,6,0,X|X,246,""
2025-08-27 22:33:22.284,DBULNES,2025-08-27 22:33:22.284,DBULNES,14,1,1,GASTOS,ZBEC,""
2025-08-27 22:33:22.284,DBULNES,2025-08-27 22:33:22.284,DBULNES,30,2,1,GASTOS DE OPERACIÓN,14,""
2025-08-27 22:33:22.284,DBULNES,2025-08-27 22:33:22.284,DBULNES,245,3,1,"GASTOS DE ADMINISTRACIÓN, VENTAS Y DISTR",30,""
2025-08-27 22:33:22.284,DBULNES,2025-08-27 22:33:22.284,DBULNES,247,4,1,Remuneración A Empleados,245,""
2025-08-27 22:33:22.284,DBULNES,2025-08-27 22:33:22.284,DBULNES,263,5,1,Sueldos y Salarios,247,""
2025-08-27 22:33:22.284,DBULNES,2025-08-27 22:33:22.284,DBULNES,PUCA7110505001,6,0,X|X,263,""
2025-08-27 22:33:22.284,DBULNES,2025-08-27 22:33:22.284,DBULNES,264,5,1,Horas Extras,247,""
2025-08-27 22:33:22.284,DBULNES,2025-08-27 22:33:22.284,DBULNES,PUCA7110510001,6,0,X|X,264,""
2025-08-27 22:33:22.284,DBULNES,2025-08-27 22:33:22.284,DBULNES,265,5,1,Bonificaciones,247,""
2025-08-27 22:33:22.284,DBULNES,2025-08-27 22:33:22.284,DBULNES,PUCA7110515001,6,0,X|X,265,""
2025-08-27 22:33:22.284,DBULNES,2025-08-27 22:33:22.284,DBULNES,266,5,1,Comisiones,247,""
2025-08-27 22:33:22.284,DBULNES,2025-08-27 22:33:22.284,DBULNES,PUCA7110520001,6,0,X|X,266,""
2025-08-27 22:33:22.284,DBULNES,2025-08-27 22:33:22.284,DBULNES,248,4,1,Prestaciones Sociales,245,""
2025-08-27 22:33:22.284,DBULNES,2025-08-27 22:33:22.284,DBULNES,267,5,1,Obligaciones Laborales,248,""
2025-08-27 22:33:22.284,DBULNES,2025-08-27 22:33:22.284,DBULNES,PUCA7111005001,6,0,X|X,267,""
2025-08-27 22:33:22.284,DBULNES,2025-08-27 22:33:22.284,DBULNES,268,5,1,Aportes Patronales,248,""
2025-08-27 22:33:22.284,DBULNES,2025-08-27 22:33:22.284,DBULNES,PUCA7111010001,6,0,X|X,268,""
2025-08-27 22:33:22.284,DBULNES,2025-08-27 22:33:22.284,DBULNES,253,4,1,Gastos de Personal,245,""
2025-08-27 22:33:22.284,DBULNES,2025-08-27 22:33:22.284,DBULNES,269,5,1,Reclutamiento y Selección de Personal,253,""
2025-08-27 22:33:22.284,DBULNES,2025-08-27 22:33:22.284,DBULNES,PUCA7111505001,6,0,X|X,269,""
2025-08-27 22:33:22.284,DBULNES,2025-08-27 22:33:22.284,DBULNES,270,5,1,Beneficios Laborales,253,""
2025-08-27 22:33:22.284,DBULNES,2025-08-27 22:33:22.284,DBULNES,PUCA7111510001,6,0,X|X,270,""
2025-08-27 22:33:22.284,DBULNES,2025-08-27 22:33:22.284,DBULNES,271,5,1,Clima Organizacional,253,""
2025-08-27 22:33:22.284,DBULNES,2025-08-27 22:33:22.284,DBULNES,PUCA7111515001,6,0,X|X,271,""
2025-08-27 22:33:22.284,DBULNES,2025-08-27 22:33:22.284,DBULNES,272,5,1,Capacitación del Personal,253,""
2025-08-27 22:33:22.284,DBULNES,2025-08-27 22:33:22.284,DBULNES,PUCA7111520001,6,0,X|X,272,""
2025-08-27 22:33:22.284,DBULNES,2025-08-27 22:33:22.284,DBULNES,273,5,1,Otros Gastos Del Personal,253,""
2025-08-27 22:33:22.284,DBULNES,2025-08-27 22:33:22.284,DBULNES,PUCA7111525001,6,0,X|X,273,""
2025-08-27 22:33:22.284,DBULNES,2025-08-27 22:33:22.284,DBULNES,254,4,1,Alquileres y Arrendamientos,245,""
2025-08-27 22:33:22.284,DBULNES,2025-08-27 22:33:22.284,DBULNES,274,5,1,Bienes Inmuebles,254,""
2025-08-27 22:33:22.284,DBULNES,2025-08-27 22:33:22.284,DBULNES,PUCA7112005001,6,0,X|X,274,""
2025-08-27 22:33:22.284,DBULNES,2025-08-27 22:33:22.284,DBULNES,275,5,1,Bienes Muebles,254,""
2025-08-27 22:33:22.284,DBULNES,2025-08-27 22:33:22.284,DBULNES,PUCA7112010001,6,0,X|X,275,""
2025-08-27 22:33:22.284,DBULNES,2025-08-27 22:33:22.284,DBULNES,255,4,1,Impuestos y Contribuciones,245,""
2025-08-27 22:33:22.284,DBULNES,2025-08-27 22:33:22.284,DBULNES,276,5,1,Impuestos,255,""
2025-08-27 22:33:22.284,DBULNES,2025-08-27 22:33:22.284,DBULNES,PUCA7112505001,6,0,X|X,276,""
2025-08-27 22:33:22.284,DBULNES,2025-08-27 22:33:22.284,DBULNES,277,5,1,Tasas y Arbitrios,255,""
2025-08-27 22:33:22.284,DBULNES,2025-08-27 22:33:22.284,DBULNES,PUCA7112510001,6,0,X|X,277,""
2025-08-27 22:33:22.284,DBULNES,2025-08-27 22:33:22.284,DBULNES,256,4,1,Servicios de Terceros,245,""
2025-08-27 22:33:22.284,DBULNES,2025-08-27 22:33:22.284,DBULNES,278,5,1,Honorarios Profesionales,256,""
2025-08-27 22:33:22.284,DBULNES,2025-08-27 22:33:22.284,DBULNES,PUCA7113005001,6,0,X|X,278,""
2025-08-27 22:33:22.284,DBULNES,2025-08-27 22:33:22.284,DBULNES,279,5,1,Servicios de Apoyo,256,""
2025-08-27 22:33:22.284,DBULNES,2025-08-27 22:33:22.284,DBULNES,PUCA7113010001,6,0,X|X,279,""
2025-08-27 22:33:22.284,DBULNES,2025-08-27 22:33:22.284,DBULNES,257,4,1,Gastos Generales,245,""
2025-08-27 22:33:22.284,DBULNES,2025-08-27 22:33:22.284,DBULNES,280,5,1,Materiales y Suministros,257,""
2025-08-27 22:33:22.284,DBULNES,2025-08-27 22:33:22.284,DBULNES,PUCA7113505001,6,0,X|X,280,""
2025-08-27 22:33:22.284,DBULNES,2025-08-27 22:33:22.284,DBULNES,281,5,1,Combustibles y Lubricantes,257,""
2025-08-27 22:33:22.284,DBULNES,2025-08-27 22:33:22.284,DBULNES,PUCA7113510001,6,0,X|X,281,""
2025-08-27 22:33:22.284,DBULNES,2025-08-27 22:33:22.284,DBULNES,282,5,1,Donaciones y Contribuciones,257,""
2025-08-27 22:33:22.284,DBULNES,2025-08-27 22:33:22.284,DBULNES,PUCA7113515001,6,0,X|X,282,""
2025-08-27 22:33:22.284,DBULNES,2025-08-27 22:33:22.284,DBULNES,283,5,1,Cuotas y Suscripciones,257,""
2025-08-27 22:33:22.284,DBULNES,2025-08-27 22:33:22.284,DBULNES,PUCA7113520001,6,0,X|X,283,""
2025-08-27 22:33:22.284,DBULNES,2025-08-27 22:33:22.284,DBULNES,284,5,1,Servicios,257,""
2025-08-27 22:33:22.284,DBULNES,2025-08-27 22:33:22.284,DBULNES,PUCA7113525001,6,0,X|X,284,""
2025-08-27 22:33:22.284,DBULNES,2025-08-27 22:33:22.284,DBULNES,285,5,1,Gastos Legales,257,""
2025-08-27 22:33:22.284,DBULNES,2025-08-27 22:33:22.284,DBULNES,PUCA7113530001,6,0,X|X,285,""
2025-08-27 22:33:22.284,DBULNES,2025-08-27 22:33:22.284,DBULNES,286,5,1,Gastos de Viaje,257,""
2025-08-27 22:33:22.284,DBULNES,2025-08-27 22:33:22.284,DBULNES,PUCA7113535001,6,0,X|X,286,""
2025-08-27 22:33:22.284,DBULNES,2025-08-27 22:33:22.284,DBULNES,287,5,1,Parqueos y Peajes,257,""
2025-08-27 22:33:22.284,DBULNES,2025-08-27 22:33:22.284,DBULNES,PUCA7113540001,6,0,X|X,287,""
2025-08-27 22:33:22.284,DBULNES,2025-08-27 22:33:22.284,DBULNES,288,5,1,Seguridad Industrial,257,""
2025-08-27 22:33:22.284,DBULNES,2025-08-27 22:33:22.284,DBULNES,PUCA7113545001,6,0,X|X,288,""
2025-08-27 22:33:22.284,DBULNES,2025-08-27 22:33:22.284,DBULNES,289,5,1,Bioseguridad,257,""
2025-08-27 22:33:22.284,DBULNES,2025-08-27 22:33:22.284,DBULNES,PUCA7113546001,6,0,X|X,289,""
2025-08-27 22:33:22.284,DBULNES,2025-08-27 22:33:22.284,DBULNES,290,5,1,Otros Gastos,257,""
2025-08-27 22:33:22.284,DBULNES,2025-08-27 22:33:22.284,DBULNES,PUCA7113550001,6,0,X|X,290,""
2025-08-27 22:33:22.284,DBULNES,2025-08-27 22:33:22.284,DBULNES,258,4,1,Mantenimiento y Reparaciones,245,""
2025-08-27 22:33:22.284,DBULNES,2025-08-27 22:33:22.284,DBULNES,PUCA7114005001,5,0,X|X,258,""
2025-08-27 22:33:22.284,DBULNES,2025-08-27 22:33:22.284,DBULNES,259,4,1,Primas de Seguro,245,""
2025-08-27 22:33:22.284,DBULNES,2025-08-27 22:33:22.284,DBULNES,291,5,1,Primas de Seguro Daños,259,""
2025-08-27 22:33:22.284,DBULNES,2025-08-27 22:33:22.284,DBULNES,PUCA7114505001,6,0,X|X,291,""
2025-08-27 22:33:22.284,DBULNES,2025-08-27 22:33:22.284,DBULNES,260,4,1,Gastos Relacionados Con Ventas,245,""
2025-08-27 22:33:22.284,DBULNES,2025-08-27 22:33:22.284,DBULNES,292,5,1,Publicidad y Propaganda,260,""
2025-08-27 22:33:22.284,DBULNES,2025-08-27 22:33:22.284,DBULNES,PUCA7115005001,6,0,X|X,292,""
2025-08-27 22:33:22.284,DBULNES,2025-08-27 22:33:22.284,DBULNES,293,5,1,Promoción de Productos,260,""
2025-08-27 22:33:22.284,DBULNES,2025-08-27 22:33:22.284,DBULNES,PUCA7115010001,6,0,X|X,293,""
2025-08-27 22:33:22.284,DBULNES,2025-08-27 22:33:22.284,DBULNES,294,5,1,Convenios Comerciales,260,""
2025-08-27 22:33:22.284,DBULNES,2025-08-27 22:33:22.284,DBULNES,PUCA7115015001,6,0,X|X,294,""
2025-08-27 22:33:22.284,DBULNES,2025-08-27 22:33:22.284,DBULNES,295,5,1,Gastos Salas de Venta,260,""
2025-08-27 22:33:22.284,DBULNES,2025-08-27 22:33:22.284,DBULNES,PUCA7115020001,6,0,X|X,295,""
2025-08-27 22:33:22.284,DBULNES,2025-08-27 22:33:22.284,DBULNES,296,5,1,Cuentas Incobrables,260,""
2025-08-27 22:33:22.284,DBULNES,2025-08-27 22:33:22.284,DBULNES,PUCA7115025001,6,0,X|X,296,""
2025-08-27 22:33:22.284,DBULNES,2025-08-27 22:33:22.284,DBULNES,261,4,1,Depreciaciones y Amortizaciones,245,""
2025-08-27 22:33:22.284,DBULNES,2025-08-27 22:33:22.284,DBULNES,297,5,1,Depreciación Propiedad Planta y Equipo,261,""
2025-08-27 22:33:22.284,DBULNES,2025-08-27 22:33:22.284,DBULNES,PUCA7115505001,6,0,X|X,297,""
2025-08-27 22:33:22.284,DBULNES,2025-08-27 22:33:22.284,DBULNES,298,5,1,Amortizacion Activos Intangibles,261,""
2025-08-27 22:33:22.284,DBULNES,2025-08-27 22:33:22.284,DBULNES,PUCA7115510001,6,0,X|X,298,""
2025-08-27 22:33:22.284,DBULNES,2025-08-27 22:33:22.284,DBULNES,262,4,1,Variaciones,245,""
2025-08-27 22:33:22.284,DBULNES,2025-08-27 22:33:22.284,DBULNES,PUCA7119505001,5,0,X|X,262,""
2025-08-27 22:33:22.284,DBULNES,2025-08-27 22:33:22.284,DBULNES,15,1,1,RESULTADO INTEGRAL DE FINANCIAMIENTO,ZBEC,""
2025-08-27 22:33:22.284,DBULNES,2025-08-27 22:33:22.284,DBULNES,31,2,1,RESULTADOS FINANCIEROS,15,""
2025-08-27 22:33:22.284,DBULNES,2025-08-27 22:33:22.284,DBULNES,299,3,1,PRODUCTOS FINANCIEROS,31,""
2025-08-27 22:33:22.284,DBULNES,2025-08-27 22:33:22.284,DBULNES,300,4,1,Productos Financieros,299,""
2025-08-27 22:33:22.284,DBULNES,2025-08-27 22:33:22.284,DBULNES,301,5,1,Intereses Ganados No Gravables,300,""
2025-08-27 22:33:22.284,DBULNES,2025-08-27 22:33:22.284,DBULNES,PUCA8110505001,6,0,X|X,301,""
2025-08-27 22:33:22.284,DBULNES,2025-08-27 22:33:22.284,DBULNES,302,5,1,Otros Productos Financieros,300,""
2025-08-27 22:33:22.284,DBULNES,2025-08-27 22:33:22.284,DBULNES,PUCA8110510001,6,0,X|X,302,""
2025-08-27 22:33:22.284,DBULNES,2025-08-27 22:33:22.284,DBULNES,32,3,1,GASTOS FINANCIEROS,31,""
2025-08-27 22:33:22.284,DBULNES,2025-08-27 22:33:22.284,DBULNES,303,4,1,GASTOS FINANCIEROS,32,""
2025-08-27 22:33:22.284,DBULNES,2025-08-27 22:33:22.284,DBULNES,304,5,1,Intereses Pagados,303,""
2025-08-27 22:33:22.284,DBULNES,2025-08-27 22:33:22.284,DBULNES,PUCA8120505001,6,0,X|X,304,""
2025-08-27 22:33:22.284,DBULNES,2025-08-27 22:33:22.284,DBULNES,305,5,1,Comisiones,303,""
2025-08-27 22:33:22.284,DBULNES,2025-08-27 22:33:22.284,DBULNES,PUCA8120510001,6,0,X|X,305,""
2025-08-27 22:33:22.284,DBULNES,2025-08-27 22:33:22.284,DBULNES,306,5,1,Otros Gastos Financieros,303,""
2025-08-27 22:33:22.284,DBULNES,2025-08-27 22:33:22.284,DBULNES,PUCA8120515001,6,0,X|X,306,""
2025-08-27 22:33:22.284,DBULNES,2025-08-27 22:33:22.284,DBULNES,33,2,1,OTROS INGRESOS Y OTROS EGRESOS,15,""
2025-08-27 22:33:22.284,DBULNES,2025-08-27 22:33:22.284,DBULNES,307,3,1,OTROS INGRESOS,33,""
2025-08-27 22:33:22.284,DBULNES,2025-08-27 22:33:22.284,DBULNES,309,4,1,Otros Ingresos Gravables,307,""
2025-08-27 22:33:22.284,DBULNES,2025-08-27 22:33:22.284,DBULNES,310,5,1,Otros Ingresos  Gravables,309,""
2025-08-27 22:33:22.284,DBULNES,2025-08-27 22:33:22.284,DBULNES,PUCA8210505001,6,0,X|X,310,""
2025-08-27 22:33:22.284,DBULNES,2025-08-27 22:33:22.284,DBULNES,308,3,1,OTROS EGRESOS,33,""
2025-08-27 22:33:22.284,DBULNES,2025-08-27 22:33:22.284,DBULNES,311,4,1,Otros Egresos Deducibles,308,""
2025-08-27 22:33:22.284,DBULNES,2025-08-27 22:33:22.284,DBULNES,312,5,1,Otros Egresos Deducibles,311,""
2025-08-27 22:33:22.284,DBULNES,2025-08-27 22:33:22.284,DBULNES,PUCA8220505001,6,0,X|X,312,""
2025-08-27 22:33:22.284,DBULNES,2025-08-27 22:33:22.284,DBULNES,34,2,1,OTROS NO GRAVABLES Y OTROS NO DEDUCIBLES,15,""
2025-08-27 22:33:22.284,DBULNES,2025-08-27 22:33:22.284,DBULNES,313,3,1,OTROS NO GRAVABLES Y OTROS NO DEDUCIBLES,34,""
2025-08-27 22:33:22.284,DBULNES,2025-08-27 22:33:22.284,DBULNES,314,4,1,Otros Ingresos No Gravables,313,""
2025-08-27 22:33:22.284,DBULNES,2025-08-27 22:33:22.284,DBULNES,316,5,1,Otros Ingresos No Gravables,314,""
2025-08-27 22:33:22.284,DBULNES,2025-08-27 22:33:22.284,DBULNES,PUCA8310505001,6,0,X|X,316,""
2025-08-27 22:33:22.284,DBULNES,2025-08-27 22:33:22.284,DBULNES,315,4,1,Otros Gastos No Deducibles,313,""
2025-08-27 22:33:22.284,DBULNES,2025-08-27 22:33:22.284,DBULNES,317,5,1,Otros Gastos No Deducibles,315,""
2025-08-27 22:33:22.284,DBULNES,2025-08-27 22:33:22.284,DBULNES,PUCA8311005001,6,0,X|X,317,""
2025-08-27 22:33:22.284,DBULNES,2025-08-27 22:33:22.284,DBULNES,35,2,1,IMPUESTOS,15,""
2025-08-27 22:33:22.284,DBULNES,2025-08-27 22:33:22.284,DBULNES,318,3,1,IMPUESTOS,35,""
2025-08-27 22:33:22.284,DBULNES,2025-08-27 22:33:22.284,DBULNES,319,4,1,Impuestos,318,""
2025-08-27 22:33:22.284,DBULNES,2025-08-27 22:33:22.284,DBULNES,320,5,1,Impuestos Sobre Renta,319,""
2025-08-27 22:33:22.284,DBULNES,2025-08-27 22:33:22.284,DBULNES,PUCA8410505001,6,0,X|X,320,""
2025-08-27 22:33:22.284,DBULNES,2025-08-27 22:33:22.284,DBULNES,16,1,1,CUENTAS DE ORDEN,ZBEC,""
2025-08-27 22:33:22.284,DBULNES,2025-08-27 22:33:22.284,DBULNES,PUCA9990000001,2,0,X|X,16,""
2025-08-27 22:33:22.284,DBULNES,2025-08-27 22:33:22.284,DBULNES,1,1,1,No existe texto,ZBEC,""
2025-08-27 22:33:22.284,DBULNES,2025-08-27 22:33:22.284,DBULNES,2,1,1,No existe texto,ZBEC,""
2025-08-27 22:33:22.284,DBULNES,2025-08-27 22:33:22.284,DBULNES,3,1,1,No existe texto,ZBEC,""
2025-08-27 22:33:22.284,DBULNES,2025-08-27 22:33:22.284,DBULNES,4,1,1,No existe texto,ZBEC,""
2025-08-27 22:33:22.284,DBULNES,2025-08-27 22:33:22.284,DBULNES,5,1,1,No existe texto,ZBEC,""
2025-08-27 22:33:22.284,DBULNES,2025-08-27 22:33:22.284,DBULNES,6,1,1,No existe texto,ZBEC,""
2025-08-27 22:33:22.284,DBULNES,2025-08-27 22:33:22.284,DBULNES,7,1,1,No existe texto,ZBEC,""
