id,createdat,createdby,modifiedat,modifiedby,indicadorproduccion_codigo,indicadorproduccion_unidadproductiva_codigo,ejercicio,escenario,lote_codigo,centrocosto_codigo,periodo1,periodo2,periodo3,periodo4,periodo5,periodo6,periodo7,periodo8,periodo9,periodo10,periodo11,periodo12
db600755-cc8c-49ac-a8a3-1173110fa225,2025-09-02 22:23:22.558,NMATAMOROS,2025-09-02 22:23:22.558,NMATAMOROS,avesColocadas,DES,2024,1,C-134,1121101003,,,,,,,,,,,,
3158324f-64b1-47ef-b33f-4a433bc83c95,2025-09-02 22:23:22.558,NMATAMOROS,2025-09-02 22:23:22.558,NMATAMOROS,avesColocadas,DES,2025,1,C-136,1121101002,,,,,,,,,,,,
3a096368-99ed-495b-8e97-b1b2bd20a3c8,2025-09-02 22:23:22.558,NMATAMOROS,2025-09-02 22:23:22.558,NMATAMOROS,avesColocadas,DES,2025,1,C-139,1121101004,,,,,,,,,,,,
d2ace8ee-10c0-4f33-8fcc-d58acf6372eb,2025-09-02 22:23:22.558,NMATAMOROS,2025-09-02 22:23:22.558,NMATAMOROS,avesColocadas,DES,2025,1,C-142,1121101003,,,,,,,,,,,,
98f5d946-1f86-4c64-8def-e1e0a049c4e6,2025-09-02 22:23:22.558,NMATAMOROS,2025-09-02 22:23:22.558,NMATAMOROS,avesColocadas,DES,2024,1,H-133,1121101001,,,,,,,,,,,,
888b16a6-efed-4be4-9fed-1627cb5e16dd,2025-09-02 22:23:22.558,NMATAMOROS,2025-09-02 22:23:22.558,NMATAMOROS,avesColocadas,DES,2024,1,R-132,1121101002,,,,,,,,,,,,
1188e748-097e-49ce-8017-d7e65dfc3006,2025-09-02 22:23:22.558,NMATAMOROS,2025-09-02 22:23:22.558,NMATAMOROS,avesColocadas,DES,2024,1,R-135,1121101004,,,,,,,,,,,,
e56098a0-b56f-4f78-be94-8d8f99bbdfa5,2025-09-02 22:23:22.558,NMATAMOROS,2025-09-02 22:23:22.558,NMATAMOROS,avesColocadas,DES,2025,1,R-137,1121101001,,,,,,,,,,,,
3974618e-619a-4d82-895d-3ae29819d7da,2025-09-02 22:23:22.558,NMATAMOROS,2025-09-02 22:23:22.558,NMATAMOROS,avesColocadas,DES,2025,1,R-138,1121101003,,,,,,,,,,,,
31a10c00-7f0f-4aeb-b0bd-217119383e03,2025-09-02 22:23:22.558,NMATAMOROS,2025-09-02 22:23:22.558,NMATAMOROS,avesColocadas,DES,2025,1,R-140,1121101002,,,,,,,,,,,,
8caad888-3b43-41df-9766-0b86819ece4f,2025-09-02 22:23:22.558,NMATAMOROS,2025-09-02 22:23:22.558,NMATAMOROS,avesColocadas,DES,2025,1,R-141,1121101001,,,,,,,,,,,,
f43ff061-f54a-4b6e-97d2-cc4e0caef52d,2025-09-02 22:23:22.558,NMATAMOROS,2025-09-02 22:23:22.558,NMATAMOROS,mortalidad,DES,2024,1,C-134,1121101003,,,,,,,,,,,,
4f36d03b-f5b9-4fc4-a2a2-c7846c766973,2025-09-02 22:23:22.558,NMATAMOROS,2025-09-02 22:23:22.558,NMATAMOROS,mortalidad,DES,2025,1,C-136,1121101002,,,,,,,,,,,,
566f4279-805d-461d-bca2-bc6148478796,2025-09-02 22:23:22.558,NMATAMOROS,2025-09-02 22:23:22.558,NMATAMOROS,mortalidad,DES,2025,1,C-139,1121101004,,,,,,,,,,,,
ea4a6f57-bf69-42c6-90e4-628ee36e1731,2025-09-02 22:23:22.558,NMATAMOROS,2025-09-02 22:23:22.558,NMATAMOROS,mortalidad,DES,2025,1,C-142,1121101003,,,,,,,,,,,,
706192e4-2c95-42b1-8986-b8f4781b7b0d,2025-09-02 22:23:22.558,NMATAMOROS,2025-09-02 22:23:22.558,NMATAMOROS,mortalidad,DES,2024,1,H-133,1121101001,,,,,,,,,,,,
ed81b788-b5dd-4f96-b4c5-2cc7562d482f,2025-09-02 22:23:22.558,NMATAMOROS,2025-09-02 22:23:22.558,NMATAMOROS,mortalidad,DES,2024,1,R-132,1121101002,,,,,,,,,,,,
52546ed4-d366-40e0-8dc3-c196809297d5,2025-09-02 22:23:22.558,NMATAMOROS,2025-09-02 22:23:22.558,NMATAMOROS,mortalidad,DES,2024,1,R-135,1121101004,,,,,,,,,,,,
4ecbd3d2-79b3-4081-b518-4d0a2d2ee489,2025-09-02 22:23:22.558,NMATAMOROS,2025-09-02 22:23:22.558,NMATAMOROS,mortalidad,DES,2025,1,R-137,1121101001,,,,,,,,,,,,
096bb1fb-ab10-4771-b15f-850d03953ef8,2025-09-02 22:23:22.558,NMATAMOROS,2025-09-02 22:23:22.558,NMATAMOROS,mortalidad,DES,2025,1,R-138,1121101003,,,,,,,,,,,,
2f6b98eb-4982-4b8e-89b7-0c0a37517e49,2025-09-02 22:23:22.558,NMATAMOROS,2025-09-02 22:23:22.558,NMATAMOROS,mortalidad,DES,2025,1,R-140,1121101002,,,,,,,,,,,,
7602470e-c699-419d-90ad-6da029114b27,2025-09-02 22:23:22.558,NMATAMOROS,2025-09-02 22:23:22.558,NMATAMOROS,mortalidad,DES,2025,1,R-141,1121101001,,,,,,,,,,,,
75c2cb00-4a97-474b-8c60-d188eae7c8c1,2025-09-02 22:23:22.558,NMATAMOROS,2025-09-02 22:23:22.558,NMATAMOROS,%mortalidadHembras,DES,2024,1,C-134,1121101003,,,,,,,,,,,,
5554a29f-d242-476a-bd9b-0557b3b893dd,2025-09-02 22:23:22.558,NMATAMOROS,2025-09-02 22:23:22.558,NMATAMOROS,%mortalidadHembras,DES,2025,1,C-136,1121101002,,,,,,,,,,,,
246b635e-76ee-4e3d-9787-f5c6625394f0,2025-09-02 22:23:22.558,NMATAMOROS,2025-09-02 22:23:22.558,NMATAMOROS,%mortalidadHembras,DES,2025,1,C-139,1121101004,,,,,,,,,,,,
2b2c1f6a-0c53-44f2-b1f0-2789206a7694,2025-09-02 22:23:22.558,NMATAMOROS,2025-09-02 22:23:22.558,NMATAMOROS,%mortalidadHembras,DES,2025,1,C-142,1121101003,,,,,,,,,,,,
419c3a59-9324-4f0e-8761-ae964092d62a,2025-09-02 22:23:22.558,NMATAMOROS,2025-09-02 22:23:22.558,NMATAMOROS,%mortalidadHembras,DES,2024,1,H-133,1121101001,,,,,,,,,,,,
2f881eb5-55f9-4efe-9f41-fbdea75c756d,2025-09-02 22:23:22.558,NMATAMOROS,2025-09-02 22:23:22.558,NMATAMOROS,%mortalidadHembras,DES,2024,1,R-132,1121101002,,,,,,,,,,,,
79b42f5a-c30e-4ee3-9cd8-f086e426d7d0,2025-09-02 22:23:22.558,NMATAMOROS,2025-09-02 22:23:22.558,NMATAMOROS,%mortalidadHembras,DES,2024,1,R-135,1121101004,,,,,,,,,,,,
552f08fe-3728-47ef-b4f7-11852af52f82,2025-09-02 22:23:22.558,NMATAMOROS,2025-09-02 22:23:22.558,NMATAMOROS,%mortalidadHembras,DES,2025,1,R-137,1121101001,,,,,,,,,,,,
fb92799a-b589-4892-8cc9-fcdd2cf25d2e,2025-09-02 22:23:22.558,NMATAMOROS,2025-09-02 22:23:22.558,NMATAMOROS,%mortalidadHembras,DES,2025,1,R-138,1121101003,,,,,,,,,,,,
f47fd431-c476-4e55-bfe9-84524aa14a43,2025-09-02 22:23:22.558,NMATAMOROS,2025-09-02 22:23:22.558,NMATAMOROS,%mortalidadHembras,DES,2025,1,R-140,1121101002,,,,,,,,,,,,
8ac711d5-a725-4772-86d3-96f4d32b1423,2025-09-02 22:23:22.558,NMATAMOROS,2025-09-02 22:23:22.558,NMATAMOROS,%mortalidadHembras,DES,2025,1,R-141,1121101001,,,,,,,,,,,,
03228ee7-c91d-418e-9490-841040eb0cb4,2025-09-02 22:23:22.558,NMATAMOROS,2025-09-02 22:23:22.558,NMATAMOROS,%mortalidadMachos,DES,2024,1,C-134,1121101003,,,,,,,,,,,,
4ff5a7c5-9677-4d58-961a-d32c10ff53a0,2025-09-02 22:23:22.558,NMATAMOROS,2025-09-02 22:23:22.558,NMATAMOROS,%mortalidadMachos,DES,2025,1,C-136,1121101002,,,,,,,,,,,,
a6d2bec7-f5c3-4334-9c18-4c57227aa3d1,2025-09-02 22:23:22.558,NMATAMOROS,2025-09-02 22:23:22.558,NMATAMOROS,%mortalidadMachos,DES,2025,1,C-139,1121101004,,,,,,,,,,,,
6f41876c-eeda-41cc-ab3b-6bb866acd496,2025-09-02 22:23:22.558,NMATAMOROS,2025-09-02 22:23:22.558,NMATAMOROS,%mortalidadMachos,DES,2025,1,C-142,1121101003,,,,,,,,,,,,
2a8ce90b-4bf2-4776-8810-7708463c252b,2025-09-02 22:23:22.558,NMATAMOROS,2025-09-02 22:23:22.558,NMATAMOROS,%mortalidadMachos,DES,2024,1,H-133,1121101001,,,,,,,,,,,,
48ae10b2-5230-4e3f-9fa3-fcc8f301ce5f,2025-09-02 22:23:22.558,NMATAMOROS,2025-09-02 22:23:22.558,NMATAMOROS,%mortalidadMachos,DES,2024,1,R-132,1121101002,,,,,,,,,,,,
7f8f2602-f3f0-4b79-86bc-9e3b14fea420,2025-09-02 22:23:22.558,NMATAMOROS,2025-09-02 22:23:22.558,NMATAMOROS,%mortalidadMachos,DES,2024,1,R-135,1121101004,,,,,,,,,,,,
5a2b4dbc-cf5c-4809-8f54-7e6a5e4826b7,2025-09-02 22:23:22.558,NMATAMOROS,2025-09-02 22:23:22.558,NMATAMOROS,%mortalidadMachos,DES,2025,1,R-137,1121101001,,,,,,,,,,,,
d328aec0-4138-4a0e-a7e0-d5f4ad78cc3a,2025-09-02 22:23:22.558,NMATAMOROS,2025-09-02 22:23:22.558,NMATAMOROS,%mortalidadMachos,DES,2025,1,R-138,1121101003,,,,,,,,,,,,
7390ed85-9926-4169-9ee6-33b49b90813e,2025-09-02 22:23:22.558,NMATAMOROS,2025-09-02 22:23:22.558,NMATAMOROS,%mortalidadMachos,DES,2025,1,R-140,1121101002,,,,,,,,,,,,
cc22363c-d0ba-4889-91b4-eadf81b5521e,2025-09-02 22:23:22.558,NMATAMOROS,2025-09-02 22:23:22.558,NMATAMOROS,%mortalidadMachos,DES,2025,1,R-141,1121101001,,,,,,,,,,,,
93aa6096-6393-47a3-8b3c-514be04b724c,2025-09-02 22:23:22.558,NMATAMOROS,2025-09-02 22:23:22.558,NMATAMOROS,seleccion,DES,2024,1,C-134,1121101003,,,,,,,,,,,,
5dbd5616-f510-4476-9b89-24104ecdc5ac,2025-09-02 22:23:22.558,NMATAMOROS,2025-09-02 22:23:22.558,NMATAMOROS,seleccion,DES,2025,1,C-136,1121101002,,,,,,,,,,,,
d29086e8-65b8-4758-9a50-83f9c76d777d,2025-09-02 22:23:22.558,NMATAMOROS,2025-09-02 22:23:22.558,NMATAMOROS,seleccion,DES,2025,1,C-139,1121101004,,,,,,,,,,,,
ecc3ff70-03b0-4056-97db-d3510a321f8e,2025-09-02 22:23:22.558,NMATAMOROS,2025-09-02 22:23:22.558,NMATAMOROS,seleccion,DES,2025,1,C-142,1121101003,,,,,,,,,,,,
175c0f38-72f9-4d75-b986-c21ae51f586f,2025-09-02 22:23:22.558,NMATAMOROS,2025-09-02 22:23:22.558,NMATAMOROS,seleccion,DES,2024,1,H-133,1121101001,,,,,,,,,,,,
5a63be21-c929-4ec0-ae76-bc8bdb600dcf,2025-09-02 22:23:22.558,NMATAMOROS,2025-09-02 22:23:22.558,NMATAMOROS,seleccion,DES,2024,1,R-132,1121101002,,,,,,,,,,,,
53a91715-b157-4e7a-a825-df4b1f17e996,2025-09-02 22:23:22.558,NMATAMOROS,2025-09-02 22:23:22.558,NMATAMOROS,seleccion,DES,2024,1,R-135,1121101004,,,,,,,,,,,,
bb02656f-6ae9-4b0a-964e-6cf18f88bbdd,2025-09-02 22:23:22.558,NMATAMOROS,2025-09-02 22:23:22.558,NMATAMOROS,seleccion,DES,2025,1,R-137,1121101001,,,,,,,,,,,,
f944599d-8546-4990-a6bc-1a313eccd10c,2025-09-02 22:23:22.558,NMATAMOROS,2025-09-02 22:23:22.558,NMATAMOROS,seleccion,DES,2025,1,R-138,1121101003,,,,,,,,,,,,
1033e777-1ada-4b6c-877e-bd7a341028d1,2025-09-02 22:23:22.558,NMATAMOROS,2025-09-02 22:23:22.558,NMATAMOROS,seleccion,DES,2025,1,R-140,1121101002,,,,,,,,,,,,
74def731-8436-4e2d-9203-38d26c84f69b,2025-09-02 22:23:22.558,NMATAMOROS,2025-09-02 22:23:22.558,NMATAMOROS,seleccion,DES,2025,1,R-141,1121101001,,,,,,,,,,,,
78e37478-048d-419b-9f7e-54e2b943880d,2025-09-02 22:23:22.558,NMATAMOROS,2025-09-02 22:23:22.558,NMATAMOROS,%seleccionHembras,DES,2024,1,C-134,1121101003,,,,,,,,,,,,
3d8ffc6d-ab05-4a0f-a483-f9374fb7ef3f,2025-09-02 22:23:22.558,NMATAMOROS,2025-09-02 22:23:22.558,NMATAMOROS,%seleccionHembras,DES,2025,1,C-136,1121101002,,,,,,,,,,,,
0ba396d6-080c-447e-b7d7-73e0dbb42f28,2025-09-02 22:23:22.558,NMATAMOROS,2025-09-02 22:23:22.558,NMATAMOROS,%seleccionHembras,DES,2025,1,C-139,1121101004,,,,,,,,,,,,
76385f86-4f74-482a-8333-fc2a543be6ad,2025-09-02 22:23:22.558,NMATAMOROS,2025-09-02 22:23:22.558,NMATAMOROS,%seleccionHembras,DES,2025,1,C-142,1121101003,,,,,,,,,,,,
873ae5a0-9bba-43cf-91ae-869265913915,2025-09-02 22:23:22.558,NMATAMOROS,2025-09-02 22:23:22.558,NMATAMOROS,%seleccionHembras,DES,2024,1,H-133,1121101001,,,,,,,,,,,,
cb208911-707a-4697-847a-320cd25a8bfd,2025-09-02 22:23:22.558,NMATAMOROS,2025-09-02 22:23:22.558,NMATAMOROS,%seleccionHembras,DES,2024,1,R-132,1121101002,,,,,,,,,,,,
e9fdc6ed-e6f8-48c4-bc73-f7000b208166,2025-09-02 22:23:22.558,NMATAMOROS,2025-09-02 22:23:22.558,NMATAMOROS,%seleccionHembras,DES,2024,1,R-135,1121101004,,,,,,,,,,,,
de910cff-df16-4b4b-b301-d0b193ef2cd1,2025-09-02 22:23:22.558,NMATAMOROS,2025-09-02 22:23:22.558,NMATAMOROS,%seleccionHembras,DES,2025,1,R-137,1121101001,,,,,,,,,,,,
8729ca6a-0118-4dcc-bc69-9e944e0bd44a,2025-09-02 22:23:22.558,NMATAMOROS,2025-09-02 22:23:22.558,NMATAMOROS,%seleccionHembras,DES,2025,1,R-138,1121101003,,,,,,,,,,,,
95663600-3276-4d29-bca3-0bc41d17ffba,2025-09-02 22:23:22.558,NMATAMOROS,2025-09-02 22:23:22.558,NMATAMOROS,%seleccionHembras,DES,2025,1,R-140,1121101002,,,,,,,,,,,,
6c6b9146-5ec5-4847-9c13-1ddff8d3d839,2025-09-02 22:23:22.558,NMATAMOROS,2025-09-02 22:23:22.558,NMATAMOROS,%seleccionHembras,DES,2025,1,R-141,1121101001,,,,,,,,,,,,
b7a82c97-23e0-4e7c-8c11-7dd479d88dd3,2025-09-02 22:23:22.558,NMATAMOROS,2025-09-02 22:23:22.558,NMATAMOROS,%seleccionMachos,DES,2024,1,C-134,1121101003,,,,,,,,,,,,
67dbf40a-05df-4268-85cf-8e2222b8c0fa,2025-09-02 22:23:22.558,NMATAMOROS,2025-09-02 22:23:22.558,NMATAMOROS,%seleccionMachos,DES,2025,1,C-136,1121101002,,,,,,,,,,,,
0322d32d-5c7a-4457-97e5-3117552e1f54,2025-09-02 22:23:22.558,NMATAMOROS,2025-09-02 22:23:22.558,NMATAMOROS,%seleccionMachos,DES,2025,1,C-139,1121101004,,,,,,,,,,,,
189a1618-a0f8-4fd4-b379-7c12a5124c53,2025-09-02 22:23:22.558,NMATAMOROS,2025-09-02 22:23:22.558,NMATAMOROS,%seleccionMachos,DES,2025,1,C-142,1121101003,,,,,,,,,,,,
1a4807f9-1984-4045-8f3c-2e51fb7abfdf,2025-09-02 22:23:22.558,NMATAMOROS,2025-09-02 22:23:22.558,NMATAMOROS,%seleccionMachos,DES,2024,1,H-133,1121101001,,,,,,,,,,,,
accc9404-84b9-4a30-a1ac-4b32a5ddc40a,2025-09-02 22:23:22.558,NMATAMOROS,2025-09-02 22:23:22.558,NMATAMOROS,%seleccionMachos,DES,2024,1,R-132,1121101002,,,,,,,,,,,,
8659d444-77d1-4ced-95dd-320ec88c6a73,2025-09-02 22:23:22.558,NMATAMOROS,2025-09-02 22:23:22.558,NMATAMOROS,%seleccionMachos,DES,2024,1,R-135,1121101004,,,,,,,,,,,,
51b7e58d-9e09-4830-9d86-8143c4591b2d,2025-09-02 22:23:22.558,NMATAMOROS,2025-09-02 22:23:22.558,NMATAMOROS,%seleccionMachos,DES,2025,1,R-137,1121101001,,,,,,,,,,,,
8c9d9405-80cd-4d1c-aa0a-97a20a4df708,2025-09-02 22:23:22.558,NMATAMOROS,2025-09-02 22:23:22.558,NMATAMOROS,%seleccionMachos,DES,2025,1,R-138,1121101003,,,,,,,,,,,,
07e49367-646d-470c-8390-03bcdb6dfb30,2025-09-02 22:23:22.558,NMATAMOROS,2025-09-02 22:23:22.558,NMATAMOROS,%seleccionMachos,DES,2025,1,R-140,1121101002,,,,,,,,,,,,
7797885e-21f2-430c-9389-4ad57d1a81f8,2025-09-02 22:23:22.558,NMATAMOROS,2025-09-02 22:23:22.558,NMATAMOROS,%seleccionMachos,DES,2025,1,R-141,1121101001,,,,,,,,,,,,
cb9cf155-d864-4dce-8f5a-6ecc4f40a10d,2025-09-02 22:23:22.558,NMATAMOROS,2025-09-02 22:23:22.558,NMATAMOROS,gallinaReproductora,DES,2024,1,C-134,1121101003,,,,,,,,,,,,
5c40544c-7354-46c6-b2c4-e0a2c0a2e556,2025-09-02 22:23:22.558,NMATAMOROS,2025-09-02 22:23:22.558,NMATAMOROS,gallinaReproductora,DES,2025,1,C-136,1121101002,,,,,,,,,,,,
d9b81531-cc6a-4e27-b780-e815c5f886b7,2025-09-02 22:23:22.558,NMATAMOROS,2025-09-02 22:23:22.558,NMATAMOROS,gallinaReproductora,DES,2025,1,C-139,1121101004,,,,,,,,,,,,
dad3e1f2-b68b-4cf8-981b-3a1563c72c33,2025-09-02 22:23:22.558,NMATAMOROS,2025-09-02 22:23:22.558,NMATAMOROS,gallinaReproductora,DES,2025,1,C-142,1121101003,,,,,,,,,,,,
33b809af-0c10-4056-ba99-6be2a4e19fc0,2025-09-02 22:23:22.558,NMATAMOROS,2025-09-02 22:23:22.558,NMATAMOROS,gallinaReproductora,DES,2024,1,H-133,1121101001,,,,,,,,,,,,
d09b878b-7741-4fef-824f-fa657bc5a694,2025-09-02 22:23:22.558,NMATAMOROS,2025-09-02 22:23:22.558,NMATAMOROS,gallinaReproductora,DES,2024,1,R-132,1121101002,,,,,,,,,,,,
1f0ad3cc-d83b-4dd9-b96b-593f822205ca,2025-09-02 22:23:22.558,NMATAMOROS,2025-09-02 22:23:22.558,NMATAMOROS,gallinaReproductora,DES,2024,1,R-135,1121101004,,,,,,,,,,,,
d3bab0b1-1c07-49dd-b383-057769b4c2dc,2025-09-02 22:23:22.558,NMATAMOROS,2025-09-02 22:23:22.558,NMATAMOROS,gallinaReproductora,DES,2025,1,R-137,1121101001,,,,,,,,,,,,
32649d55-a7bc-4046-ab80-7ce54004581f,2025-09-02 22:23:22.558,NMATAMOROS,2025-09-02 22:23:22.558,NMATAMOROS,gallinaReproductora,DES,2025,1,R-138,1121101003,,,,,,,,,,,,
5f37c071-3479-4ac4-8b3e-068778643185,2025-09-02 22:23:22.558,NMATAMOROS,2025-09-02 22:23:22.558,NMATAMOROS,gallinaReproductora,DES,2025,1,R-140,1121101002,,,,,,,,,,,,
f8439124-819f-43f1-b970-9161fc7e92ee,2025-09-02 22:23:22.558,NMATAMOROS,2025-09-02 22:23:22.558,NMATAMOROS,gallinaReproductora,DES,2025,1,R-141,1121101001,,,,,,,,,,,,
97f9e7cc-e209-4c89-a32d-d66d3a205c7f,2025-09-02 22:23:22.558,NMATAMOROS,2025-09-02 22:23:22.558,NMATAMOROS,galloReproductor,DES,2024,1,C-134,1121101003,,,,,,,,,,,,
e2324a35-7fb4-499f-b392-4efd73fc23e4,2025-09-02 22:23:22.558,NMATAMOROS,2025-09-02 22:23:22.558,NMATAMOROS,galloReproductor,DES,2025,1,C-136,1121101002,,,,,,,,,,,,
221bccbd-8304-44fd-bb18-779db2c3809a,2025-09-02 22:23:22.558,NMATAMOROS,2025-09-02 22:23:22.558,NMATAMOROS,galloReproductor,DES,2025,1,C-139,1121101004,,,,,,,,,,,,
29da230a-7811-4de0-99c3-02cd940385b2,2025-09-02 22:23:22.558,NMATAMOROS,2025-09-02 22:23:22.558,NMATAMOROS,galloReproductor,DES,2025,1,C-142,1121101003,,,,,,,,,,,,
7dbb838c-7dd7-4bd5-aaa0-3fa55b90f1e5,2025-09-02 22:23:22.558,NMATAMOROS,2025-09-02 22:23:22.558,NMATAMOROS,galloReproductor,DES,2024,1,H-133,1121101001,,,,,,,,,,,,
e997120f-24fd-42d4-97b1-0c15b37523fa,2025-09-02 22:23:22.558,NMATAMOROS,2025-09-02 22:23:22.558,NMATAMOROS,galloReproductor,DES,2024,1,R-132,1121101002,,,,,,,,,,,,
55786dde-eee7-4600-9e06-056a2f92f5e9,2025-09-02 22:23:22.558,NMATAMOROS,2025-09-02 22:23:22.558,NMATAMOROS,galloReproductor,DES,2024,1,R-135,1121101004,,,,,,,,,,,,
d4a1b13c-f610-41e3-9c9b-1956dbe999ff,2025-09-02 22:23:22.558,NMATAMOROS,2025-09-02 22:23:22.558,NMATAMOROS,galloReproductor,DES,2025,1,R-137,1121101001,,,,,,,,,,,,
0470c7f0-4ec8-490b-9f25-44e6334457a5,2025-09-02 22:23:22.558,NMATAMOROS,2025-09-02 22:23:22.558,NMATAMOROS,galloReproductor,DES,2025,1,R-138,1121101003,,,,,,,,,,,,
3eae4823-5534-40eb-b1d7-ca11fcec3ea9,2025-09-02 22:23:22.558,NMATAMOROS,2025-09-02 22:23:22.558,NMATAMOROS,galloReproductor,DES,2025,1,R-140,1121101002,,,,,,,,,,,,
410f03f5-6caa-4f00-a058-8ed5d968cc32,2025-09-02 22:23:22.558,NMATAMOROS,2025-09-02 22:23:22.558,NMATAMOROS,galloReproductor,DES,2025,1,R-141,1121101001,,,,,,,,,,,,
88247987-4378-4495-9cb7-7c0c0408246d,2025-09-02 22:23:22.558,NMATAMOROS,2025-09-02 22:23:22.558,NMATAMOROS,totalCosto,DES,2024,1,C-134,1121101003,,,,,,,,,,,,
331a3a9b-bbe9-4d60-83d9-7b834ec4b884,2025-09-02 22:23:22.558,NMATAMOROS,2025-09-02 22:23:22.558,NMATAMOROS,totalCosto,DES,2025,1,C-136,1121101002,,,,,,,,,,,,
a862d1c8-0b66-47d9-b5a8-676d7d63aa93,2025-09-02 22:23:22.558,NMATAMOROS,2025-09-02 22:23:22.558,NMATAMOROS,totalCosto,DES,2025,1,C-139,1121101004,,,,,,,,,,,,
a04bcb64-ca0d-4e4b-893a-47157d64820d,2025-09-02 22:23:22.558,NMATAMOROS,2025-09-02 22:23:22.558,NMATAMOROS,totalCosto,DES,2025,1,C-142,1121101003,,,,,,,,,,,,
5a357720-df2c-4d7a-9328-b64d3716ba7d,2025-09-02 22:23:22.558,NMATAMOROS,2025-09-02 22:23:22.558,NMATAMOROS,totalCosto,DES,2024,1,H-133,1121101001,,,,,,,,,,,,
36302ed5-4e49-432d-bbe5-62a281cc9afd,2025-09-02 22:23:22.558,NMATAMOROS,2025-09-02 22:23:22.558,NMATAMOROS,totalCosto,DES,2024,1,R-132,1121101002,,,,,,,,,,,,
da480a15-0447-42ed-a934-e669e47dc7b6,2025-09-02 22:23:22.558,NMATAMOROS,2025-09-02 22:23:22.558,NMATAMOROS,totalCosto,DES,2024,1,R-135,1121101004,,,,,,,,,,,,
cf91185b-fcae-4d09-939a-7b2d4e7bbaa5,2025-09-02 22:23:22.558,NMATAMOROS,2025-09-02 22:23:22.558,NMATAMOROS,totalCosto,DES,2025,1,R-137,1121101001,,,,,,,,,,,,
dbee4647-70a7-45c3-9610-d215c4fdc26f,2025-09-02 22:23:22.558,NMATAMOROS,2025-09-02 22:23:22.558,NMATAMOROS,totalCosto,DES,2025,1,R-138,1121101003,,,,,,,,,,,,
9c535614-47c7-456c-992e-1751a704444a,2025-09-02 22:23:22.558,NMATAMOROS,2025-09-02 22:23:22.558,NMATAMOROS,totalCosto,DES,2025,1,R-140,1121101002,,,,,,,,,,,,
f994715b-c3e5-4289-9d32-44dfd5dd5783,2025-09-02 22:23:22.558,NMATAMOROS,2025-09-02 22:23:22.558,NMATAMOROS,totalCosto,DES,2025,1,R-141,1121101001,,,,,,,,,,,,
64a4eeaf-9fb0-4a7e-aefe-4806032a1bed,2025-09-02 22:23:22.558,NMATAMOROS,2025-09-02 22:23:22.558,NMATAMOROS,totalAlimento,DES,2024,1,C-134,1121101003,,,,,,,,,,,,
02427d65-f13e-4dd8-9299-705c63245113,2025-09-02 22:23:22.558,NMATAMOROS,2025-09-02 22:23:22.558,NMATAMOROS,totalAlimento,DES,2025,1,C-136,1121101002,,,,,,,,,,,,
efcc0842-fb82-4bc5-8a87-73718ead94df,2025-09-02 22:23:22.558,NMATAMOROS,2025-09-02 22:23:22.558,NMATAMOROS,totalAlimento,DES,2025,1,C-139,1121101004,,,,,,,,,,,,
01cd9633-30b4-4c89-b1f7-7276c1491c8b,2025-09-02 22:23:22.558,NMATAMOROS,2025-09-02 22:23:22.558,NMATAMOROS,totalAlimento,DES,2025,1,C-142,1121101003,,,,,,,,,,,,
6dc35ea9-67cb-4506-a4a4-92831c4efb08,2025-09-02 22:23:22.558,NMATAMOROS,2025-09-02 22:23:22.558,NMATAMOROS,totalAlimento,DES,2024,1,H-133,1121101001,,,,,,,,,,,,
fa8c7bf7-e765-4833-a08f-a92e5737e6b2,2025-09-02 22:23:22.558,NMATAMOROS,2025-09-02 22:23:22.558,NMATAMOROS,totalAlimento,DES,2024,1,R-132,1121101002,,,,,,,,,,,,
7a5484b0-c9fb-4309-91d1-eb2975988bdd,2025-09-02 22:23:22.558,NMATAMOROS,2025-09-02 22:23:22.558,NMATAMOROS,totalAlimento,DES,2024,1,R-135,1121101004,,,,,,,,,,,,
071b2f0a-1f95-4ab3-b179-f34c9709acb3,2025-09-02 22:23:22.558,NMATAMOROS,2025-09-02 22:23:22.558,NMATAMOROS,totalAlimento,DES,2025,1,R-137,1121101001,,,,,,,,,,,,
9f01cd5f-5858-4c9e-bf4c-cac0d541a1ba,2025-09-02 22:23:22.558,NMATAMOROS,2025-09-02 22:23:22.558,NMATAMOROS,totalAlimento,DES,2025,1,R-138,1121101003,,,,,,,,,,,,
337459d9-cd40-4c0b-9ff6-5a0cd0b6d592,2025-09-02 22:23:22.558,NMATAMOROS,2025-09-02 22:23:22.558,NMATAMOROS,totalAlimento,DES,2025,1,R-140,1121101002,,,,,,,,,,,,
c8edc477-29b5-4387-9637-9f1fa3d6c5ac,2025-09-02 22:23:22.558,NMATAMOROS,2025-09-02 22:23:22.558,NMATAMOROS,totalAlimento,DES,2025,1,R-141,1121101001,,,,,,,,,,,,
7137d2e0-19e6-4dce-8b33-92a1519b089e,2025-09-02 22:23:22.558,NMATAMOROS,2025-09-02 22:23:22.558,NMATAMOROS,%mortalidad,DES,2024,1,C-134,1121101003,,,,,,,,,,,,
8322042b-7a3d-4723-a4b7-12faeeaf00ea,2025-09-02 22:23:22.558,NMATAMOROS,2025-09-02 22:23:22.558,NMATAMOROS,%mortalidad,DES,2025,1,C-136,1121101002,,,,,,,,,,,,
5929219a-9036-4704-8822-fefa76c11cdf,2025-09-02 22:23:22.558,NMATAMOROS,2025-09-02 22:23:22.558,NMATAMOROS,%mortalidad,DES,2025,1,C-139,1121101004,,,,,,,,,,,,
68cf1fc4-85c2-42f3-8ef0-3f4a65979e37,2025-09-02 22:23:22.558,NMATAMOROS,2025-09-02 22:23:22.558,NMATAMOROS,%mortalidad,DES,2025,1,C-142,1121101003,,,,,,,,,,,,
d4cd0469-a8a2-4483-b619-d345e9cc7e69,2025-09-02 22:23:22.558,NMATAMOROS,2025-09-02 22:23:22.558,NMATAMOROS,%mortalidad,DES,2024,1,H-133,1121101001,,,,,,,,,,,,
ddea4773-f9e5-4854-91d5-d351db0d9ff5,2025-09-02 22:23:22.558,NMATAMOROS,2025-09-02 22:23:22.558,NMATAMOROS,%mortalidad,DES,2024,1,R-132,1121101002,,,,,,,,,,,,
3fbe1232-d738-47b8-872d-648e932ed965,2025-09-02 22:23:22.558,NMATAMOROS,2025-09-02 22:23:22.558,NMATAMOROS,%mortalidad,DES,2024,1,R-135,1121101004,,,,,,,,,,,,
d55fe884-816d-4121-88c9-946e51954c2a,2025-09-02 22:23:22.558,NMATAMOROS,2025-09-02 22:23:22.558,NMATAMOROS,%mortalidad,DES,2025,1,R-137,1121101001,,,,,,,,,,,,
333f65de-fdef-452f-984a-002f4aa81b40,2025-09-02 22:23:22.558,NMATAMOROS,2025-09-02 22:23:22.558,NMATAMOROS,%mortalidad,DES,2025,1,R-138,1121101003,,,,,,,,,,,,
30f4c6ed-a8fc-4b5d-812d-b5396499fbd8,2025-09-02 22:23:22.558,NMATAMOROS,2025-09-02 22:23:22.558,NMATAMOROS,%mortalidad,DES,2025,1,R-140,1121101002,,,,,,,,,,,,
9d24fdc1-4d0c-4a5a-aec5-4493f5947cc4,2025-09-02 22:23:22.558,NMATAMOROS,2025-09-02 22:23:22.558,NMATAMOROS,%mortalidad,DES,2025,1,R-141,1121101001,,,,,,,,,,,,
dc63ce04-f215-4d37-8220-8180f9f6852c,2025-09-02 22:23:22.558,NMATAMOROS,2025-09-02 22:23:22.558,NMATAMOROS,%seleccion,DES,2024,1,C-134,1121101003,,,,,,,,,,,,
8cbe95e3-dd8c-46e7-8ad2-fcedd679125e,2025-09-02 22:23:22.558,NMATAMOROS,2025-09-02 22:23:22.558,NMATAMOROS,%seleccion,DES,2025,1,C-136,1121101002,,,,,,,,,,,,
08df672a-3a9a-42ae-aa71-0f2dab2d6423,2025-09-02 22:23:22.558,NMATAMOROS,2025-09-02 22:23:22.558,NMATAMOROS,%seleccion,DES,2025,1,C-139,1121101004,,,,,,,,,,,,
3ae7fadb-00e0-4db0-a079-7108102cca4e,2025-09-02 22:23:22.558,NMATAMOROS,2025-09-02 22:23:22.558,NMATAMOROS,%seleccion,DES,2025,1,C-142,1121101003,,,,,,,,,,,,
046ccaf5-3532-4d33-8e72-4b3d1882f6f8,2025-09-02 22:23:22.558,NMATAMOROS,2025-09-02 22:23:22.558,NMATAMOROS,%seleccion,DES,2024,1,H-133,1121101001,,,,,,,,,,,,
89730c43-cc35-49e8-a82a-a569f9b37a42,2025-09-02 22:23:22.558,NMATAMOROS,2025-09-02 22:23:22.558,NMATAMOROS,%seleccion,DES,2024,1,R-132,1121101002,,,,,,,,,,,,
42cd4288-26a3-4fae-a582-f224989c7a26,2025-09-02 22:23:22.558,NMATAMOROS,2025-09-02 22:23:22.558,NMATAMOROS,%seleccion,DES,2024,1,R-135,1121101004,,,,,,,,,,,,
6009e3ed-5166-4309-9a2b-1188cc0f55b0,2025-09-02 22:23:22.558,NMATAMOROS,2025-09-02 22:23:22.558,NMATAMOROS,%seleccion,DES,2025,1,R-137,1121101001,,,,,,,,,,,,
b7fbe639-7e1f-4092-91bf-9666768e4967,2025-09-02 22:23:22.558,NMATAMOROS,2025-09-02 22:23:22.558,NMATAMOROS,%seleccion,DES,2025,1,R-138,1121101003,,,,,,,,,,,,
7169259b-40b7-4cd6-8966-13abb1a4a249,2025-09-02 22:23:22.558,NMATAMOROS,2025-09-02 22:23:22.558,NMATAMOROS,%seleccion,DES,2025,1,R-140,1121101002,,,,,,,,,,,,
dfda6350-33be-4cb6-94d2-e7d2df9df09b,2025-09-02 22:23:22.558,NMATAMOROS,2025-09-02 22:23:22.558,NMATAMOROS,%seleccion,DES,2025,1,R-141,1121101001,,,,,,,,,,,,
b0096ef4-5d65-4c53-a440-7a87d36bac45,2025-09-02 22:23:22.558,NMATAMOROS,2025-09-02 22:23:22.558,NMATAMOROS,avesFinales,DES,2024,1,C-134,1121101003,,,,,,,,,,,,
354cfbcf-0503-48ad-8f70-957f50fd4a5d,2025-09-02 22:23:22.558,NMATAMOROS,2025-09-02 22:23:22.558,NMATAMOROS,avesFinales,DES,2025,1,C-136,1121101002,,,,,,,,,,,,
8d7a02eb-e6cc-46d1-a1fc-a68b4b72d45e,2025-09-02 22:23:22.558,NMATAMOROS,2025-09-02 22:23:22.558,NMATAMOROS,avesFinales,DES,2025,1,C-139,1121101004,,,,,,,,,,,,
22e12253-deaf-4296-b630-3da39c8b9a35,2025-09-02 22:23:22.558,NMATAMOROS,2025-09-02 22:23:22.558,NMATAMOROS,avesFinales,DES,2025,1,C-142,1121101003,,,,,,,,,,,,
a882d30a-d609-48d2-a3aa-a29458071c00,2025-09-02 22:23:22.558,NMATAMOROS,2025-09-02 22:23:22.558,NMATAMOROS,avesFinales,DES,2024,1,H-133,1121101001,,,,,,,,,,,,
70d1b158-9f01-45c9-8175-8c75da273074,2025-09-02 22:23:22.558,NMATAMOROS,2025-09-02 22:23:22.558,NMATAMOROS,avesFinales,DES,2024,1,R-132,1121101002,,,,,,,,,,,,
be2634b3-f050-4f50-a38d-e29d3c757d21,2025-09-02 22:23:22.558,NMATAMOROS,2025-09-02 22:23:22.558,NMATAMOROS,avesFinales,DES,2024,1,R-135,1121101004,,,,,,,,,,,,
4f5a9d5c-0b8d-41aa-8f0c-aebc4a67bc0f,2025-09-02 22:23:22.558,NMATAMOROS,2025-09-02 22:23:22.558,NMATAMOROS,avesFinales,DES,2025,1,R-137,1121101001,,,,,,,,,,,,
61f89e2d-afdd-4327-b24e-08fd1abc11ff,2025-09-02 22:23:22.558,NMATAMOROS,2025-09-02 22:23:22.558,NMATAMOROS,avesFinales,DES,2025,1,R-138,1121101003,,,,,,,,,,,,
3596961d-485b-464f-b7b0-b450d2025314,2025-09-02 22:23:22.558,NMATAMOROS,2025-09-02 22:23:22.558,NMATAMOROS,avesFinales,DES,2025,1,R-140,1121101002,,,,,,,,,,,,
0553c80e-1d8f-484f-90f8-735dab3cc2aa,2025-09-02 22:23:22.558,NMATAMOROS,2025-09-02 22:23:22.558,NMATAMOROS,avesFinales,DES,2025,1,R-141,1121101001,,,,,,,,,,,,
c92f4c90-3269-4aac-899d-5a00eb773a3d,2025-09-02 22:23:22.558,NMATAMOROS,2025-09-02 22:23:22.558,NMATAMOROS,conversionAlimenticiaHembras,DES,2024,1,C-134,1121101003,,,,,,,,,,,,
68a894a6-751d-4350-88a7-106bcf29f889,2025-09-02 22:23:22.558,NMATAMOROS,2025-09-02 22:23:22.558,NMATAMOROS,conversionAlimenticiaHembras,DES,2025,1,C-136,1121101002,,,,,,,,,,,,
b7110aef-416c-4aec-adc9-49f039cdca95,2025-09-02 22:23:22.558,NMATAMOROS,2025-09-02 22:23:22.558,NMATAMOROS,conversionAlimenticiaHembras,DES,2025,1,C-139,1121101004,,,,,,,,,,,,
968a6b78-5114-441e-a703-f7268281d796,2025-09-02 22:23:22.558,NMATAMOROS,2025-09-02 22:23:22.558,NMATAMOROS,conversionAlimenticiaHembras,DES,2025,1,C-142,1121101003,,,,,,,,,,,,
eac3820c-bbfd-4d9a-8882-28173c0058f4,2025-09-02 22:23:22.558,NMATAMOROS,2025-09-02 22:23:22.558,NMATAMOROS,conversionAlimenticiaHembras,DES,2024,1,H-133,1121101001,,,,,,,,,,,,
98e0ea9e-c1e8-4a2e-bd86-4c22deb5f270,2025-09-02 22:23:22.558,NMATAMOROS,2025-09-02 22:23:22.558,NMATAMOROS,conversionAlimenticiaHembras,DES,2024,1,R-132,1121101002,,,,,,,,,,,,
dc6b57c1-2428-43a3-b232-4d4c96fa92e2,2025-09-02 22:23:22.558,NMATAMOROS,2025-09-02 22:23:22.558,NMATAMOROS,conversionAlimenticiaHembras,DES,2024,1,R-135,1121101004,,,,,,,,,,,,
efca186a-4016-4def-a8df-785f0d366e95,2025-09-02 22:23:22.558,NMATAMOROS,2025-09-02 22:23:22.558,NMATAMOROS,conversionAlimenticiaHembras,DES,2025,1,R-137,1121101001,,,,,,,,,,,,
fe9e15e0-bc9b-4e05-b4cc-6fd217aac934,2025-09-02 22:23:22.558,NMATAMOROS,2025-09-02 22:23:22.558,NMATAMOROS,conversionAlimenticiaHembras,DES,2025,1,R-138,1121101003,,,,,,,,,,,,
5cf078a6-8261-45f4-a6d3-e2f29d705c75,2025-09-02 22:23:22.558,NMATAMOROS,2025-09-02 22:23:22.558,NMATAMOROS,conversionAlimenticiaHembras,DES,2025,1,R-140,1121101002,,,,,,,,,,,,
a0e44c9d-fddb-49ef-8606-0bdbbbf00e73,2025-09-02 22:23:22.558,NMATAMOROS,2025-09-02 22:23:22.558,NMATAMOROS,conversionAlimenticiaHembras,DES,2025,1,R-141,1121101001,,,,,,,,,,,,
89144117-46e7-40de-8476-4746e5ac63e6,2025-09-02 22:23:22.558,NMATAMOROS,2025-09-02 22:23:22.558,NMATAMOROS,conversionAlimenticiaMachos,DES,2024,1,C-134,1121101003,,,,,,,,,,,,
f1c7fd97-ae2e-459d-bdb2-b51a51fd92e2,2025-09-02 22:23:22.558,NMATAMOROS,2025-09-02 22:23:22.558,NMATAMOROS,conversionAlimenticiaMachos,DES,2025,1,C-136,1121101002,,,,,,,,,,,,
71b667c1-bf02-421a-8979-c27cf24ccd25,2025-09-02 22:23:22.558,NMATAMOROS,2025-09-02 22:23:22.558,NMATAMOROS,conversionAlimenticiaMachos,DES,2025,1,C-139,1121101004,,,,,,,,,,,,
5384a333-4755-459f-bff0-f6705c79ff8f,2025-09-02 22:23:22.558,NMATAMOROS,2025-09-02 22:23:22.558,NMATAMOROS,conversionAlimenticiaMachos,DES,2025,1,C-142,1121101003,,,,,,,,,,,,
b27441f2-2ae8-416f-8612-2a1366cd3657,2025-09-02 22:23:22.558,NMATAMOROS,2025-09-02 22:23:22.558,NMATAMOROS,conversionAlimenticiaMachos,DES,2024,1,H-133,1121101001,,,,,,,,,,,,
66f9a33b-0ab8-4b5e-b37c-1de8f0f7c22a,2025-09-02 22:23:22.558,NMATAMOROS,2025-09-02 22:23:22.558,NMATAMOROS,conversionAlimenticiaMachos,DES,2024,1,R-132,1121101002,,,,,,,,,,,,
3f080690-5200-454c-81bd-73641281113e,2025-09-02 22:23:22.558,NMATAMOROS,2025-09-02 22:23:22.558,NMATAMOROS,conversionAlimenticiaMachos,DES,2024,1,R-135,1121101004,,,,,,,,,,,,
f3822c4f-abd3-4796-9eed-89b346b94bda,2025-09-02 22:23:22.558,NMATAMOROS,2025-09-02 22:23:22.558,NMATAMOROS,conversionAlimenticiaMachos,DES,2025,1,R-137,1121101001,,,,,,,,,,,,
e3b8dbfa-69e5-458b-a57b-efd1b421bd1a,2025-09-02 22:23:22.558,NMATAMOROS,2025-09-02 22:23:22.558,NMATAMOROS,conversionAlimenticiaMachos,DES,2025,1,R-138,1121101003,,,,,,,,,,,,
abc71639-1ce2-4599-9eeb-7dd6f7589c7a,2025-09-02 22:23:22.558,NMATAMOROS,2025-09-02 22:23:22.558,NMATAMOROS,conversionAlimenticiaMachos,DES,2025,1,R-140,1121101002,,,,,,,,,,,,
5fa52102-7bc6-42a2-9075-c4a457e0d3c7,2025-09-02 22:23:22.558,NMATAMOROS,2025-09-02 22:23:22.558,NMATAMOROS,conversionAlimenticiaMachos,DES,2025,1,R-141,1121101001,,,,,,,,,,,,
78fb16b9-02cd-4b2d-96f2-0ee6a96096f8,2025-09-02 22:23:22.558,NMATAMOROS,2025-09-02 22:23:22.558,NMATAMOROS,totalCostoPollona,DES,2024,1,C-134,1121101003,,,,,,,,,,,,
f64f7323-9604-43f6-ab90-51602c74a6cb,2025-09-02 22:23:22.558,NMATAMOROS,2025-09-02 22:23:22.558,NMATAMOROS,totalCostoPollona,DES,2025,1,C-136,1121101002,,,,,,,,,,,,
4b560216-4154-431a-bc49-f56c9c22538c,2025-09-02 22:23:22.558,NMATAMOROS,2025-09-02 22:23:22.558,NMATAMOROS,totalCostoPollona,DES,2025,1,C-139,1121101004,,,,,,,,,,,,
6abc8ef8-7c1e-47ae-b0a8-86723c80238a,2025-09-02 22:23:22.558,NMATAMOROS,2025-09-02 22:23:22.558,NMATAMOROS,totalCostoPollona,DES,2025,1,C-142,1121101003,,,,,,,,,,,,
297684e6-ba63-459c-aad2-cb64819f7581,2025-09-02 22:23:22.558,NMATAMOROS,2025-09-02 22:23:22.558,NMATAMOROS,totalCostoPollona,DES,2024,1,H-133,1121101001,,,,,,,,,,,,
97664ee6-2713-4872-a6a2-c2641b70b83f,2025-09-02 22:23:22.558,NMATAMOROS,2025-09-02 22:23:22.558,NMATAMOROS,totalCostoPollona,DES,2024,1,R-132,1121101002,,,,,,,,,,,,
3c0a2cec-93e7-4cbd-8b52-6b1c45c68a7d,2025-09-02 22:23:22.558,NMATAMOROS,2025-09-02 22:23:22.558,NMATAMOROS,totalCostoPollona,DES,2024,1,R-135,1121101004,,,,,,,,,,,,
139dcae7-25b0-4564-b104-d7585fb96100,2025-09-02 22:23:22.558,NMATAMOROS,2025-09-02 22:23:22.558,NMATAMOROS,totalCostoPollona,DES,2025,1,R-137,1121101001,,,,,,,,,,,,
7e01e50e-11a8-44c3-a384-60e70b31fccc,2025-09-02 22:23:22.558,NMATAMOROS,2025-09-02 22:23:22.558,NMATAMOROS,totalCostoPollona,DES,2025,1,R-138,1121101003,,,,,,,,,,,,
7fb52d54-0e0a-435b-b6d3-c4a05f90a966,2025-09-02 22:23:22.558,NMATAMOROS,2025-09-02 22:23:22.558,NMATAMOROS,totalCostoPollona,DES,2025,1,R-140,1121101002,,,,,,,,,,,,
bf9c13f2-a1c9-4e05-a100-1c7471e5e701,2025-09-02 22:23:22.558,NMATAMOROS,2025-09-02 22:23:22.558,NMATAMOROS,totalCostoPollona,DES,2025,1,R-141,1121101001,,,,,,,,,,,,
2594f040-bd6e-4a3c-be50-25f26131f6e2,2025-09-02 22:23:22.558,NMATAMOROS,2025-09-02 22:23:22.558,NMATAMOROS,conversionAlimenticia,DES,2024,1,C-134,1121101003,,,,,,,,,,,,
b740e46d-936d-47f7-99ec-d88640f7dd31,2025-09-02 22:23:22.558,NMATAMOROS,2025-09-02 22:23:22.558,NMATAMOROS,conversionAlimenticia,DES,2025,1,C-136,1121101002,,,,,,,,,,,,
ca9f5617-2aaa-42bd-b977-ede99cd438ec,2025-09-02 22:23:22.558,NMATAMOROS,2025-09-02 22:23:22.558,NMATAMOROS,conversionAlimenticia,DES,2025,1,C-139,1121101004,,,,,,,,,,,,
e79c1b0e-7874-436a-8853-6a1fbd20165f,2025-09-02 22:23:22.558,NMATAMOROS,2025-09-02 22:23:22.558,NMATAMOROS,conversionAlimenticia,DES,2025,1,C-142,1121101003,,,,,,,,,,,,
6e351d5f-d009-4799-9a2b-7f2ffdbf3156,2025-09-02 22:23:22.558,NMATAMOROS,2025-09-02 22:23:22.558,NMATAMOROS,conversionAlimenticia,DES,2024,1,H-133,1121101001,,,,,,,,,,,,
d5c9fd55-4df4-4aa6-8b6d-cb0e07313f39,2025-09-02 22:23:22.558,NMATAMOROS,2025-09-02 22:23:22.558,NMATAMOROS,conversionAlimenticia,DES,2024,1,R-132,1121101002,,,,,,,,,,,,
9ec27696-3716-4efc-ab6d-d017ca53c20d,2025-09-02 22:23:22.558,NMATAMOROS,2025-09-02 22:23:22.558,NMATAMOROS,conversionAlimenticia,DES,2024,1,R-135,1121101004,,,,,,,,,,,,
309a5896-a645-4b91-bdda-1e3ab4fae19c,2025-09-02 22:23:22.558,NMATAMOROS,2025-09-02 22:23:22.558,NMATAMOROS,conversionAlimenticia,DES,2025,1,R-137,1121101001,,,,,,,,,,,,
4c113a65-50c3-4700-8752-02f09d659e61,2025-09-02 22:23:22.558,NMATAMOROS,2025-09-02 22:23:22.558,NMATAMOROS,conversionAlimenticia,DES,2025,1,R-138,1121101003,,,,,,,,,,,,
00cafeb6-2a1c-4753-8e58-22da182b915c,2025-09-02 22:23:22.558,NMATAMOROS,2025-09-02 22:23:22.558,NMATAMOROS,conversionAlimenticia,DES,2025,1,R-140,1121101002,,,,,,,,,,,,
d12ce1d7-865c-425f-b005-c003be3e8f3a,2025-09-02 22:23:22.558,NMATAMOROS,2025-09-02 22:23:22.558,NMATAMOROS,conversionAlimenticia,DES,2025,1,R-141,1121101001,,,,,,,,,,,,
c6067e93-3b2e-4259-ad57-f044187f0409,2025-09-02 22:23:22.558,NMATAMOROS,2025-09-02 22:23:22.558,NMATAMOROS,avesColocadasPorLote,POS,2025,1,R-137,1121201006,,,,,,,,,,,,
001638d9-2715-48a6-b056-e00bf3c56f36,2025-09-02 22:23:22.558,NMATAMOROS,2025-09-02 22:23:22.558,NMATAMOROS,avesColocadasPorLote,POS,2025,1,R-138,1121201005,,,,,,,,,,,,
2e631a6c-fc16-4710-801c-b2fc02af2da7,2025-09-02 22:23:22.558,NMATAMOROS,2025-09-02 22:23:22.558,NMATAMOROS,avesColocadasPorLote,POS,2024,1,C-126,1121201003,,,,,,,,,,,,
e699637b-236c-4d33-8754-ec2942fbb33e,2025-09-02 22:23:22.558,NMATAMOROS,2025-09-02 22:23:22.558,NMATAMOROS,avesColocadasPorLote,POS,2024,1,C-128,1121201002,,,,,,,,,,,,
dbc9a2e5-7637-4255-b28d-d3f1313e2ff2,2025-09-02 22:23:22.558,NMATAMOROS,2025-09-02 22:23:22.558,NMATAMOROS,avesColocadasPorLote,POS,2024,1,C-131,1121201005,,,,,,,,,,,,
dfe047e1-8a95-4093-a08d-c1ab6678306f,2025-09-02 22:23:22.558,NMATAMOROS,2025-09-02 22:23:22.558,NMATAMOROS,avesColocadasPorLote,POS,2025,1,C-134,1121201007,,,,,,,,,,,,
0986a59c-4a0e-481c-922a-5691aeee1845,2025-09-02 22:23:22.558,NMATAMOROS,2025-09-02 22:23:22.558,NMATAMOROS,avesColocadasPorLote,POS,2025,1,C-136,1121201001,,,,,,,,,,,,
bcbae4b4-7c0e-4ed2-9909-7ffd50faa721,2025-09-02 22:23:22.558,NMATAMOROS,2025-09-02 22:23:22.558,NMATAMOROS,avesColocadasPorLote,POS,2025,1,H-133,1121201003,,,,,,,,,,,,
12b1a4f1-06b2-41f3-a40b-8b96bd2a1dde,2025-09-02 22:23:22.558,NMATAMOROS,2025-09-02 22:23:22.558,NMATAMOROS,avesColocadasPorLote,POS,2024,1,R-127,1121201007,,,,,,,,,,,,
19cb72dc-2ddd-4895-b50f-a4c0b519f1d3,2025-09-02 22:23:22.558,NMATAMOROS,2025-09-02 22:23:22.558,NMATAMOROS,avesColocadasPorLote,POS,2024,1,R-129,1121201001,,,,,,,,,,,,
765abe28-f73b-4e01-a84e-04b96f948312,2025-09-02 22:23:22.558,NMATAMOROS,2025-09-02 22:23:22.558,NMATAMOROS,avesColocadasPorLote,POS,2024,1,R-130,1121201006,,,,,,,,,,,,
93316e2c-51af-488c-89bb-c6977755ab1a,2025-09-02 22:23:22.558,NMATAMOROS,2025-09-02 22:23:22.558,NMATAMOROS,avesColocadasPorLote,POS,2025,1,R-132,1121201004,,,,,,,,,,,,
6427b8b3-c63e-48bf-9a1a-e8c9800a4e5b,2025-09-02 22:23:22.558,NMATAMOROS,2025-09-02 22:23:22.558,NMATAMOROS,avesColocadasPorLote,POS,2025,1,R-135,1121201002,,,,,,,,,,,,
5327862e-7700-43f1-b553-b68d9cba3f56,2025-09-02 22:23:22.558,NMATAMOROS,2025-09-02 22:23:22.558,NMATAMOROS,mortalidadPorLote,POS,2025,1,R-137,1121201006,,,,,,,,,,,,
a84f3505-639f-4c6c-9f54-c678b7779be5,2025-09-02 22:23:22.558,NMATAMOROS,2025-09-02 22:23:22.558,NMATAMOROS,mortalidadPorLote,POS,2025,1,R-138,1121201005,,,,,,,,,,,,
c696ebd1-dd94-4768-9f22-77470cc9ac13,2025-09-02 22:23:22.558,NMATAMOROS,2025-09-02 22:23:22.558,NMATAMOROS,mortalidadPorLote,POS,2024,1,C-126,1121201003,,,,,,,,,,,,
5dfd4a55-0bc8-4239-bd2f-9051ecebadbb,2025-09-02 22:23:22.558,NMATAMOROS,2025-09-02 22:23:22.558,NMATAMOROS,mortalidadPorLote,POS,2024,1,C-128,1121201002,,,,,,,,,,,,
ff8cbfdb-63e7-4542-9aa2-97faa9424ccb,2025-09-02 22:23:22.558,NMATAMOROS,2025-09-02 22:23:22.558,NMATAMOROS,mortalidadPorLote,POS,2024,1,C-131,1121201005,,,,,,,,,,,,
dc3292fa-f112-4752-bc5d-f23523023c83,2025-09-02 22:23:22.558,NMATAMOROS,2025-09-02 22:23:22.558,NMATAMOROS,mortalidadPorLote,POS,2025,1,C-134,1121201007,,,,,,,,,,,,
773ae182-a0a5-4504-b584-ce926aeb4115,2025-09-02 22:23:22.558,NMATAMOROS,2025-09-02 22:23:22.558,NMATAMOROS,mortalidadPorLote,POS,2025,1,C-136,1121201001,,,,,,,,,,,,
906a0099-160a-4464-94fc-cde2defdf2a5,2025-09-02 22:23:22.558,NMATAMOROS,2025-09-02 22:23:22.558,NMATAMOROS,mortalidadPorLote,POS,2025,1,H-133,1121201003,,,,,,,,,,,,
b7cfc8aa-b78d-4182-952c-ed8f78e675f3,2025-09-02 22:23:22.558,NMATAMOROS,2025-09-02 22:23:22.558,NMATAMOROS,mortalidadPorLote,POS,2024,1,R-127,1121201007,,,,,,,,,,,,
2163476d-ae6b-40a6-8138-4815c34e8211,2025-09-02 22:23:22.558,NMATAMOROS,2025-09-02 22:23:22.558,NMATAMOROS,mortalidadPorLote,POS,2024,1,R-129,1121201001,,,,,,,,,,,,
be31ac76-4cf3-40ff-af5d-2135b732c0cb,2025-09-02 22:23:22.558,NMATAMOROS,2025-09-02 22:23:22.558,NMATAMOROS,mortalidadPorLote,POS,2024,1,R-130,1121201006,,,,,,,,,,,,
2fabd5fb-0d72-4a3d-8593-f23343174ac0,2025-09-02 22:23:22.558,NMATAMOROS,2025-09-02 22:23:22.558,NMATAMOROS,mortalidadPorLote,POS,2025,1,R-132,1121201004,,,,,,,,,,,,
df4efde4-9350-47ac-8d7d-466f467b85b1,2025-09-02 22:23:22.558,NMATAMOROS,2025-09-02 22:23:22.558,NMATAMOROS,mortalidadPorLote,POS,2025,1,R-135,1121201002,,,,,,,,,,,,
59dfb554-64f4-4fea-8633-62bed8e9315e,2025-09-02 22:23:22.558,NMATAMOROS,2025-09-02 22:23:22.558,NMATAMOROS,%mortalidadHembrasPorLote,POS,2025,1,R-137,1121201006,,,,,,,,,,,,
5488e6ab-2df2-4be4-933d-6872872bb0f3,2025-09-02 22:23:22.558,NMATAMOROS,2025-09-02 22:23:22.558,NMATAMOROS,%mortalidadHembrasPorLote,POS,2025,1,R-138,1121201005,,,,,,,,,,,,
ef3d82c2-b3f6-46d7-a9df-598fbb1e9461,2025-09-02 22:23:22.558,NMATAMOROS,2025-09-02 22:23:22.558,NMATAMOROS,%mortalidadHembrasPorLote,POS,2024,1,C-126,1121201003,,,,,,,,,,,,
0b6c73da-a029-4e13-93da-4aeab06f632c,2025-09-02 22:23:22.558,NMATAMOROS,2025-09-02 22:23:22.558,NMATAMOROS,%mortalidadHembrasPorLote,POS,2024,1,C-128,1121201002,,,,,,,,,,,,
f4ae96be-29ba-47a4-ae0a-2388d4c39bdd,2025-09-02 22:23:22.558,NMATAMOROS,2025-09-02 22:23:22.558,NMATAMOROS,%mortalidadHembrasPorLote,POS,2024,1,C-131,1121201005,,,,,,,,,,,,
f23ccafa-84e9-4839-87d1-b44baa75162c,2025-09-02 22:23:22.558,NMATAMOROS,2025-09-02 22:23:22.558,NMATAMOROS,%mortalidadHembrasPorLote,POS,2025,1,C-134,1121201007,,,,,,,,,,,,
37d26423-f559-46c3-9265-683900006bc9,2025-09-02 22:23:22.558,NMATAMOROS,2025-09-02 22:23:22.558,NMATAMOROS,%mortalidadHembrasPorLote,POS,2025,1,C-136,1121201001,,,,,,,,,,,,
6d218372-0424-44bd-95c4-1fac5f02ca1c,2025-09-02 22:23:22.558,NMATAMOROS,2025-09-02 22:23:22.558,NMATAMOROS,%mortalidadHembrasPorLote,POS,2025,1,H-133,1121201003,,,,,,,,,,,,
db91bd36-7870-4992-a95f-45ac7cae414f,2025-09-02 22:23:22.558,NMATAMOROS,2025-09-02 22:23:22.558,NMATAMOROS,%mortalidadHembrasPorLote,POS,2024,1,R-127,1121201007,,,,,,,,,,,,
a2ebe1e5-1c24-4d0f-a38d-28fb6d66bba2,2025-09-02 22:23:22.558,NMATAMOROS,2025-09-02 22:23:22.558,NMATAMOROS,%mortalidadHembrasPorLote,POS,2024,1,R-129,1121201001,,,,,,,,,,,,
5e7264ef-e3c8-439d-a6f6-92eb7f2cb3b8,2025-09-02 22:23:22.558,NMATAMOROS,2025-09-02 22:23:22.558,NMATAMOROS,%mortalidadHembrasPorLote,POS,2024,1,R-130,1121201006,,,,,,,,,,,,
5d461dab-d5f8-4a76-8270-d519d308b984,2025-09-02 22:23:22.558,NMATAMOROS,2025-09-02 22:23:22.558,NMATAMOROS,%mortalidadHembrasPorLote,POS,2025,1,R-132,1121201004,,,,,,,,,,,,
4cb8b7ce-4ae3-4b74-953f-6d50de2f8b0e,2025-09-02 22:23:22.558,NMATAMOROS,2025-09-02 22:23:22.558,NMATAMOROS,%mortalidadHembrasPorLote,POS,2025,1,R-135,1121201002,,,,,,,,,,,,
a2dce8a8-8a07-4cc2-bf72-6e6dfb042077,2025-09-02 22:23:22.558,NMATAMOROS,2025-09-02 22:23:22.558,NMATAMOROS,%mortalidadMachosPorLote,POS,2025,1,R-137,1121201006,,,,,,,,,,,,
2016c62c-89c0-4ba3-b91d-cfc21572477d,2025-09-02 22:23:22.558,NMATAMOROS,2025-09-02 22:23:22.558,NMATAMOROS,%mortalidadMachosPorLote,POS,2025,1,R-138,1121201005,,,,,,,,,,,,
9241080d-f015-4e01-bd5d-382e6e414149,2025-09-02 22:23:22.558,NMATAMOROS,2025-09-02 22:23:22.558,NMATAMOROS,%mortalidadMachosPorLote,POS,2024,1,C-126,1121201003,,,,,,,,,,,,
a4cbbdb7-bdf4-4b8b-95fd-645755a26a65,2025-09-02 22:23:22.558,NMATAMOROS,2025-09-02 22:23:22.558,NMATAMOROS,%mortalidadMachosPorLote,POS,2024,1,C-128,1121201002,,,,,,,,,,,,
84350bd9-4b9f-4a1e-9a16-c830f4bf411f,2025-09-02 22:23:22.558,NMATAMOROS,2025-09-02 22:23:22.558,NMATAMOROS,%mortalidadMachosPorLote,POS,2024,1,C-131,1121201005,,,,,,,,,,,,
9e2f61f0-0643-46c7-8d46-de0e9004f0a4,2025-09-02 22:23:22.558,NMATAMOROS,2025-09-02 22:23:22.558,NMATAMOROS,%mortalidadMachosPorLote,POS,2025,1,C-134,1121201007,,,,,,,,,,,,
0bd325f3-d58b-48e9-9be1-064716e24fc4,2025-09-02 22:23:22.558,NMATAMOROS,2025-09-02 22:23:22.558,NMATAMOROS,%mortalidadMachosPorLote,POS,2025,1,C-136,1121201001,,,,,,,,,,,,
13b9357b-458d-4943-a17a-bb9a1fbe1c47,2025-09-02 22:23:22.558,NMATAMOROS,2025-09-02 22:23:22.558,NMATAMOROS,%mortalidadMachosPorLote,POS,2025,1,H-133,1121201003,,,,,,,,,,,,
91b6bce8-43c5-4932-a7e8-a4e68d59ee81,2025-09-02 22:23:22.558,NMATAMOROS,2025-09-02 22:23:22.558,NMATAMOROS,%mortalidadMachosPorLote,POS,2024,1,R-127,1121201007,,,,,,,,,,,,
21c7363b-8dc4-4346-90a2-581001988c76,2025-09-02 22:23:22.558,NMATAMOROS,2025-09-02 22:23:22.558,NMATAMOROS,%mortalidadMachosPorLote,POS,2024,1,R-129,1121201001,,,,,,,,,,,,
d4c73cb1-b3cb-4585-ba37-23268ca5a716,2025-09-02 22:23:22.558,NMATAMOROS,2025-09-02 22:23:22.558,NMATAMOROS,%mortalidadMachosPorLote,POS,2024,1,R-130,1121201006,,,,,,,,,,,,
4351793b-4ddb-4966-a119-38fcfd948664,2025-09-02 22:23:22.558,NMATAMOROS,2025-09-02 22:23:22.558,NMATAMOROS,%mortalidadMachosPorLote,POS,2025,1,R-132,1121201004,,,,,,,,,,,,
4c7ad045-ac49-42a6-b5d7-42ceecc55b1b,2025-09-02 22:23:22.558,NMATAMOROS,2025-09-02 22:23:22.558,NMATAMOROS,%mortalidadMachosPorLote,POS,2025,1,R-135,1121201002,,,,,,,,,,,,
823acfab-64be-4dd8-b880-4e63057cc32f,2025-09-02 22:23:22.558,NMATAMOROS,2025-09-02 22:23:22.558,NMATAMOROS,seleccionPorLote,POS,2025,1,R-137,1121201006,,,,,,,,,,,,
f220775c-05ac-488e-a8c9-fd6f1b98621d,2025-09-02 22:23:22.558,NMATAMOROS,2025-09-02 22:23:22.558,NMATAMOROS,seleccionPorLote,POS,2025,1,R-138,1121201005,,,,,,,,,,,,
9bb41e2a-f3ff-482f-adc6-630bb37112f4,2025-09-02 22:23:22.558,NMATAMOROS,2025-09-02 22:23:22.558,NMATAMOROS,seleccionPorLote,POS,2024,1,C-126,1121201003,,,,,,,,,,,,
89d6e7f7-53e3-42f5-a713-0865ad866c24,2025-09-02 22:23:22.558,NMATAMOROS,2025-09-02 22:23:22.558,NMATAMOROS,seleccionPorLote,POS,2024,1,C-128,1121201002,,,,,,,,,,,,
f5ad6c0a-b52e-44b8-afda-0e908d469411,2025-09-02 22:23:22.558,NMATAMOROS,2025-09-02 22:23:22.558,NMATAMOROS,seleccionPorLote,POS,2024,1,C-131,1121201005,,,,,,,,,,,,
0ee8fb8d-1bc8-4d53-b5d1-fed91b9d34eb,2025-09-02 22:23:22.558,NMATAMOROS,2025-09-02 22:23:22.558,NMATAMOROS,seleccionPorLote,POS,2025,1,C-134,1121201007,,,,,,,,,,,,
c6a448a4-6ef8-4269-8896-d366ac5b6936,2025-09-02 22:23:22.558,NMATAMOROS,2025-09-02 22:23:22.558,NMATAMOROS,seleccionPorLote,POS,2025,1,C-136,1121201001,,,,,,,,,,,,
032347f6-a3eb-4841-91f4-5e505a3d24c6,2025-09-02 22:23:22.558,NMATAMOROS,2025-09-02 22:23:22.558,NMATAMOROS,seleccionPorLote,POS,2025,1,H-133,1121201003,,,,,,,,,,,,
a00f843e-6ebb-4260-8a4e-9d1cc222a8a6,2025-09-02 22:23:22.558,NMATAMOROS,2025-09-02 22:23:22.558,NMATAMOROS,seleccionPorLote,POS,2024,1,R-127,1121201007,,,,,,,,,,,,
a82ae818-7f47-4d8f-8b85-e97b0527d5b2,2025-09-02 22:23:22.558,NMATAMOROS,2025-09-02 22:23:22.558,NMATAMOROS,seleccionPorLote,POS,2024,1,R-129,1121201001,,,,,,,,,,,,
7cfba2af-35b0-4eeb-91f9-1c12eae93125,2025-09-02 22:23:22.558,NMATAMOROS,2025-09-02 22:23:22.558,NMATAMOROS,seleccionPorLote,POS,2024,1,R-130,1121201006,,,,,,,,,,,,
a81e0f97-2622-44e8-bcdd-d631dee02649,2025-09-02 22:23:22.558,NMATAMOROS,2025-09-02 22:23:22.558,NMATAMOROS,seleccionPorLote,POS,2025,1,R-132,1121201004,,,,,,,,,,,,
57e117ce-6572-432e-ae52-ce0fcb6b495c,2025-09-02 22:23:22.558,NMATAMOROS,2025-09-02 22:23:22.558,NMATAMOROS,seleccionPorLote,POS,2025,1,R-135,1121201002,,,,,,,,,,,,
76a41d95-4f06-412b-b369-73ce2a6096f7,2025-09-02 22:23:22.558,NMATAMOROS,2025-09-02 22:23:22.558,NMATAMOROS,%seleccionHembrasPorLote,POS,2025,1,R-137,1121201006,,,,,,,,,,,,
5224d732-afce-4690-9cb1-f441f1e519af,2025-09-02 22:23:22.558,NMATAMOROS,2025-09-02 22:23:22.558,NMATAMOROS,%seleccionHembrasPorLote,POS,2025,1,R-138,1121201005,,,,,,,,,,,,
a794423b-bff4-4ec5-ab26-d35236a7b701,2025-09-02 22:23:22.558,NMATAMOROS,2025-09-02 22:23:22.558,NMATAMOROS,%seleccionHembrasPorLote,POS,2024,1,C-126,1121201003,,,,,,,,,,,,
7f71c99b-66ca-451b-8856-9ffc8b04f031,2025-09-02 22:23:22.558,NMATAMOROS,2025-09-02 22:23:22.558,NMATAMOROS,%seleccionHembrasPorLote,POS,2024,1,C-128,1121201002,,,,,,,,,,,,
219c7e7e-8b2b-4002-af38-23a1e1681281,2025-09-02 22:23:22.558,NMATAMOROS,2025-09-02 22:23:22.558,NMATAMOROS,%seleccionHembrasPorLote,POS,2024,1,C-131,1121201005,,,,,,,,,,,,
5a442159-cf71-4b3f-bcb6-ced0695a8cf0,2025-09-02 22:23:22.558,NMATAMOROS,2025-09-02 22:23:22.558,NMATAMOROS,%seleccionHembrasPorLote,POS,2025,1,C-134,1121201007,,,,,,,,,,,,
22df32dd-5acb-4746-b7a0-fb52c0b02ae5,2025-09-02 22:23:22.558,NMATAMOROS,2025-09-02 22:23:22.558,NMATAMOROS,%seleccionHembrasPorLote,POS,2025,1,C-136,1121201001,,,,,,,,,,,,
9f9a0ad9-ee1a-41e5-bc7e-8d1ee3a02549,2025-09-02 22:23:22.558,NMATAMOROS,2025-09-02 22:23:22.558,NMATAMOROS,%seleccionHembrasPorLote,POS,2025,1,H-133,1121201003,,,,,,,,,,,,
738a4a6d-3d01-4380-bcfc-27d5e91c39c9,2025-09-02 22:23:22.558,NMATAMOROS,2025-09-02 22:23:22.558,NMATAMOROS,%seleccionHembrasPorLote,POS,2024,1,R-127,1121201007,,,,,,,,,,,,
e8c5a362-7e14-4dc8-998c-113487edbf8a,2025-09-02 22:23:22.558,NMATAMOROS,2025-09-02 22:23:22.558,NMATAMOROS,%seleccionHembrasPorLote,POS,2024,1,R-129,1121201001,,,,,,,,,,,,
7f2f84e3-17e0-4789-8bcb-df1d5a0c6c61,2025-09-02 22:23:22.558,NMATAMOROS,2025-09-02 22:23:22.558,NMATAMOROS,%seleccionHembrasPorLote,POS,2024,1,R-130,1121201006,,,,,,,,,,,,
3de625df-94ac-4dbe-af42-1010046ee290,2025-09-02 22:23:22.558,NMATAMOROS,2025-09-02 22:23:22.558,NMATAMOROS,%seleccionHembrasPorLote,POS,2025,1,R-132,1121201004,,,,,,,,,,,,
39c7c2f8-df00-4475-8048-3490b9a620df,2025-09-02 22:23:22.558,NMATAMOROS,2025-09-02 22:23:22.558,NMATAMOROS,%seleccionHembrasPorLote,POS,2025,1,R-135,1121201002,,,,,,,,,,,,
7dba37b0-e117-45ae-9f73-bbf37f553372,2025-09-02 22:23:22.558,NMATAMOROS,2025-09-02 22:23:22.558,NMATAMOROS,%seleccionMachosPorLote,POS,2025,1,R-137,1121201006,,,,,,,,,,,,
1aa3ef70-e714-478c-b995-049fc4283151,2025-09-02 22:23:22.558,NMATAMOROS,2025-09-02 22:23:22.558,NMATAMOROS,%seleccionMachosPorLote,POS,2025,1,R-138,1121201005,,,,,,,,,,,,
8ec2533d-5a83-4411-8c92-2933f22b640b,2025-09-02 22:23:22.558,NMATAMOROS,2025-09-02 22:23:22.558,NMATAMOROS,%seleccionMachosPorLote,POS,2024,1,C-126,1121201003,,,,,,,,,,,,
d08caa4d-708e-49c4-afb4-e0f8d5f1e900,2025-09-02 22:23:22.558,NMATAMOROS,2025-09-02 22:23:22.558,NMATAMOROS,%seleccionMachosPorLote,POS,2024,1,C-128,1121201002,,,,,,,,,,,,
bb541a7e-ba29-4207-bb71-1433a76fc881,2025-09-02 22:23:22.558,NMATAMOROS,2025-09-02 22:23:22.558,NMATAMOROS,%seleccionMachosPorLote,POS,2024,1,C-131,1121201005,,,,,,,,,,,,
3ae08c42-666c-4883-9eff-8521411db5a0,2025-09-02 22:23:22.558,NMATAMOROS,2025-09-02 22:23:22.558,NMATAMOROS,%seleccionMachosPorLote,POS,2025,1,C-134,1121201007,,,,,,,,,,,,
b50e57db-c383-49d1-bcbf-f7aee4114547,2025-09-02 22:23:22.558,NMATAMOROS,2025-09-02 22:23:22.558,NMATAMOROS,%seleccionMachosPorLote,POS,2025,1,C-136,1121201001,,,,,,,,,,,,
bcb278fc-5c26-49d9-99eb-42171989d1be,2025-09-02 22:23:22.558,NMATAMOROS,2025-09-02 22:23:22.558,NMATAMOROS,%seleccionMachosPorLote,POS,2025,1,H-133,1121201003,,,,,,,,,,,,
79076de4-7b0c-4578-b988-ef48eacbf33e,2025-09-02 22:23:22.558,NMATAMOROS,2025-09-02 22:23:22.558,NMATAMOROS,%seleccionMachosPorLote,POS,2024,1,R-127,1121201007,,,,,,,,,,,,
0eaeeb29-6264-4e8d-af19-ac944abd11a6,2025-09-02 22:23:22.558,NMATAMOROS,2025-09-02 22:23:22.558,NMATAMOROS,%seleccionMachosPorLote,POS,2024,1,R-129,1121201001,,,,,,,,,,,,
ae2ef511-f7e1-4c1f-b30c-1c8097bb5723,2025-09-02 22:23:22.558,NMATAMOROS,2025-09-02 22:23:22.558,NMATAMOROS,%seleccionMachosPorLote,POS,2024,1,R-130,1121201006,,,,,,,,,,,,
a2a0e86e-b264-4a47-bb35-ab1ded3956c3,2025-09-02 22:23:22.558,NMATAMOROS,2025-09-02 22:23:22.558,NMATAMOROS,%seleccionMachosPorLote,POS,2025,1,R-132,1121201004,,,,,,,,,,,,
fff6fbdc-1baf-4e89-beba-1301b328ee70,2025-09-02 22:23:22.558,NMATAMOROS,2025-09-02 22:23:22.558,NMATAMOROS,%seleccionMachosPorLote,POS,2025,1,R-135,1121201002,,,,,,,,,,,,
3bf20f20-20bb-4707-b10e-6491d22cbf22,2025-09-02 22:23:22.558,NMATAMOROS,2025-09-02 22:23:22.558,NMATAMOROS,gallinaEnPie,POS,2025,1,R-137,1121201006,,,,,,,,,,,,
ad561b1b-00f0-4d76-99e3-e2a145f45dd7,2025-09-02 22:23:22.558,NMATAMOROS,2025-09-02 22:23:22.558,NMATAMOROS,gallinaEnPie,POS,2025,1,R-138,1121201005,,,,,,,,,,,,
c4b2db0e-f29b-47ef-a127-46179970c40d,2025-09-02 22:23:22.558,NMATAMOROS,2025-09-02 22:23:22.558,NMATAMOROS,gallinaEnPie,POS,2024,1,C-126,1121201003,,,,,,,,,,,,
beeb3a3a-e73a-44a2-9e40-9afabc607e20,2025-09-02 22:23:22.558,NMATAMOROS,2025-09-02 22:23:22.558,NMATAMOROS,gallinaEnPie,POS,2024,1,C-128,1121201002,,,,,,,,,,,,
f1bdaccd-3071-436d-a6b0-bfce06af96d7,2025-09-02 22:23:22.558,NMATAMOROS,2025-09-02 22:23:22.558,NMATAMOROS,gallinaEnPie,POS,2024,1,C-131,1121201005,,,,,,,,,,,,
9ffdc9ed-6133-4eef-8648-ec40c6f02dba,2025-09-02 22:23:22.558,NMATAMOROS,2025-09-02 22:23:22.558,NMATAMOROS,gallinaEnPie,POS,2025,1,C-134,1121201007,,,,,,,,,,,,
49cde093-9587-4931-9b81-009e46915187,2025-09-02 22:23:22.558,NMATAMOROS,2025-09-02 22:23:22.558,NMATAMOROS,gallinaEnPie,POS,2025,1,C-136,1121201001,,,,,,,,,,,,
a1a08602-f562-4b2c-a76d-e3f9eea43406,2025-09-02 22:23:22.558,NMATAMOROS,2025-09-02 22:23:22.558,NMATAMOROS,gallinaEnPie,POS,2025,1,H-133,1121201003,,,,,,,,,,,,
6ac0cb82-aa6a-4216-a777-618c75470dc7,2025-09-02 22:23:22.558,NMATAMOROS,2025-09-02 22:23:22.558,NMATAMOROS,gallinaEnPie,POS,2024,1,R-127,1121201007,,,,,,,,,,,,
7acdaafc-eb52-495c-ab76-002ec18dc4b9,2025-09-02 22:23:22.558,NMATAMOROS,2025-09-02 22:23:22.558,NMATAMOROS,gallinaEnPie,POS,2024,1,R-129,1121201001,,,,,,,,,,,,
47e10139-7cbd-4489-8309-65ab2ac0f122,2025-09-02 22:23:22.558,NMATAMOROS,2025-09-02 22:23:22.558,NMATAMOROS,gallinaEnPie,POS,2024,1,R-130,1121201006,,,,,,,,,,,,
b8b7e9d7-105c-48bc-bfe8-bb171c521038,2025-09-02 22:23:22.558,NMATAMOROS,2025-09-02 22:23:22.558,NMATAMOROS,gallinaEnPie,POS,2025,1,R-132,1121201004,,,,,,,,,,,,
aa503c54-06c5-47cd-958a-c3ee5065087b,2025-09-02 22:23:22.558,NMATAMOROS,2025-09-02 22:23:22.558,NMATAMOROS,gallinaEnPie,POS,2025,1,R-135,1121201002,,,,,,,,,,,,
bc3e8334-cab6-4de5-b457-428f9d242e3e,2025-09-02 22:23:22.558,NMATAMOROS,2025-09-02 22:23:22.558,NMATAMOROS,galloEnPie,POS,2025,1,R-137,1121201006,,,,,,,,,,,,
3128b622-bb14-42fd-a911-846476636ea4,2025-09-02 22:23:22.558,NMATAMOROS,2025-09-02 22:23:22.558,NMATAMOROS,galloEnPie,POS,2025,1,R-138,1121201005,,,,,,,,,,,,
b6558807-3c43-4c84-aa38-5adabbc85d8c,2025-09-02 22:23:22.558,NMATAMOROS,2025-09-02 22:23:22.558,NMATAMOROS,galloEnPie,POS,2024,1,C-126,1121201003,,,,,,,,,,,,
dc1feb77-4128-43d1-b2ad-60d4663ba25e,2025-09-02 22:23:22.558,NMATAMOROS,2025-09-02 22:23:22.558,NMATAMOROS,galloEnPie,POS,2024,1,C-128,1121201002,,,,,,,,,,,,
0c279cf4-824b-4c3b-b981-8a1ffd06d999,2025-09-02 22:23:22.558,NMATAMOROS,2025-09-02 22:23:22.558,NMATAMOROS,galloEnPie,POS,2024,1,C-131,1121201005,,,,,,,,,,,,
0b5600dc-f4e6-4193-9a48-76ad8cbc91a1,2025-09-02 22:23:22.558,NMATAMOROS,2025-09-02 22:23:22.558,NMATAMOROS,galloEnPie,POS,2025,1,C-134,1121201007,,,,,,,,,,,,
625a3654-1e03-467d-ae3c-8193ec4b608c,2025-09-02 22:23:22.558,NMATAMOROS,2025-09-02 22:23:22.558,NMATAMOROS,galloEnPie,POS,2025,1,C-136,1121201001,,,,,,,,,,,,
58b58ac7-a11f-4910-bf9b-f0cd1371b9fa,2025-09-02 22:23:22.558,NMATAMOROS,2025-09-02 22:23:22.558,NMATAMOROS,galloEnPie,POS,2025,1,H-133,1121201003,,,,,,,,,,,,
8c0a1838-7774-4493-be31-68aba408bac6,2025-09-02 22:23:22.558,NMATAMOROS,2025-09-02 22:23:22.558,NMATAMOROS,galloEnPie,POS,2024,1,R-127,1121201007,,,,,,,,,,,,
8afab6cd-9114-4981-b510-87a70ebf4b80,2025-09-02 22:23:22.558,NMATAMOROS,2025-09-02 22:23:22.558,NMATAMOROS,galloEnPie,POS,2024,1,R-129,1121201001,,,,,,,,,,,,
d5908fd4-1a7e-4e87-aac2-438f8f9c1085,2025-09-02 22:23:22.558,NMATAMOROS,2025-09-02 22:23:22.558,NMATAMOROS,galloEnPie,POS,2024,1,R-130,1121201006,,,,,,,,,,,,
e33ded1e-3f3a-4fb1-9a48-a0724157b56b,2025-09-02 22:23:22.558,NMATAMOROS,2025-09-02 22:23:22.558,NMATAMOROS,galloEnPie,POS,2025,1,R-132,1121201004,,,,,,,,,,,,
57096f85-24ea-49d8-ba9a-e867c5c6b24c,2025-09-02 22:23:22.558,NMATAMOROS,2025-09-02 22:23:22.558,NMATAMOROS,galloEnPie,POS,2025,1,R-135,1121201002,,,,,,,,,,,,
c4835315-8e5f-453c-81e0-51bbab214233,2025-09-02 22:23:22.558,NMATAMOROS,2025-09-02 22:23:22.558,NMATAMOROS,huevoTotalDivAveAlojadaPorLote,POS,2025,1,R-137,1121201006,,,,,,,,,,,,
baa89352-c1fe-4fb2-b829-a8437a5da4b7,2025-09-02 22:23:22.558,NMATAMOROS,2025-09-02 22:23:22.558,NMATAMOROS,huevoTotalDivAveAlojadaPorLote,POS,2025,1,R-138,1121201005,,,,,,,,,,,,
18bbf767-3b47-4156-9ffb-ba23d044b82f,2025-09-02 22:23:22.558,NMATAMOROS,2025-09-02 22:23:22.558,NMATAMOROS,huevoTotalDivAveAlojadaPorLote,POS,2024,1,C-126,1121201003,,,,,,,,,,,,
650308a6-f596-4674-aa84-8e6479bdd5f3,2025-09-02 22:23:22.558,NMATAMOROS,2025-09-02 22:23:22.558,NMATAMOROS,huevoTotalDivAveAlojadaPorLote,POS,2024,1,C-128,1121201002,,,,,,,,,,,,
f6a141ab-94e5-4a13-bf6e-863ef8c66d7b,2025-09-02 22:23:22.558,NMATAMOROS,2025-09-02 22:23:22.558,NMATAMOROS,huevoTotalDivAveAlojadaPorLote,POS,2024,1,C-131,1121201005,,,,,,,,,,,,
01cab579-f816-4664-b219-45c2a16f8c3c,2025-09-02 22:23:22.558,NMATAMOROS,2025-09-02 22:23:22.558,NMATAMOROS,huevoTotalDivAveAlojadaPorLote,POS,2025,1,C-134,1121201007,,,,,,,,,,,,
a2ab6a6c-6b9c-44e5-ac3b-f9c6c5d0116f,2025-09-02 22:23:22.558,NMATAMOROS,2025-09-02 22:23:22.558,NMATAMOROS,huevoTotalDivAveAlojadaPorLote,POS,2025,1,C-136,1121201001,,,,,,,,,,,,
5cf51365-c24a-4043-a039-e8d28be858bb,2025-09-02 22:23:22.558,NMATAMOROS,2025-09-02 22:23:22.558,NMATAMOROS,huevoTotalDivAveAlojadaPorLote,POS,2025,1,H-133,1121201003,,,,,,,,,,,,
a33171db-f512-4462-a8b7-03a0e93dcc9c,2025-09-02 22:23:22.558,NMATAMOROS,2025-09-02 22:23:22.558,NMATAMOROS,huevoTotalDivAveAlojadaPorLote,POS,2024,1,R-127,1121201007,,,,,,,,,,,,
f15e6645-11aa-472c-b3ce-9eff32288962,2025-09-02 22:23:22.558,NMATAMOROS,2025-09-02 22:23:22.558,NMATAMOROS,huevoTotalDivAveAlojadaPorLote,POS,2024,1,R-129,1121201001,,,,,,,,,,,,
0f064991-f23e-4ca9-8a38-4574cf967330,2025-09-02 22:23:22.558,NMATAMOROS,2025-09-02 22:23:22.558,NMATAMOROS,huevoTotalDivAveAlojadaPorLote,POS,2024,1,R-130,1121201006,,,,,,,,,,,,
800ad795-2987-4205-90e0-f0fabbea7035,2025-09-02 22:23:22.558,NMATAMOROS,2025-09-02 22:23:22.558,NMATAMOROS,huevoTotalDivAveAlojadaPorLote,POS,2025,1,R-132,1121201004,,,,,,,,,,,,
f907e668-76f7-4995-aa76-b982d4591d8c,2025-09-02 22:23:22.558,NMATAMOROS,2025-09-02 22:23:22.558,NMATAMOROS,huevoTotalDivAveAlojadaPorLote,POS,2025,1,R-135,1121201002,,,,,,,,,,,,
077ac876-2d52-409e-9738-257b78166f89,2025-09-02 22:23:22.558,NMATAMOROS,2025-09-02 22:23:22.558,NMATAMOROS,huevoIncDivAveAlojadaPorLote,POS,2025,1,R-137,1121201006,,,,,,,,,,,,
ae23f755-3727-4fda-ad87-e67a80617459,2025-09-02 22:23:22.558,NMATAMOROS,2025-09-02 22:23:22.558,NMATAMOROS,huevoIncDivAveAlojadaPorLote,POS,2025,1,R-138,1121201005,,,,,,,,,,,,
043cf661-ed3b-4b2c-b361-760a5910fb43,2025-09-02 22:23:22.558,NMATAMOROS,2025-09-02 22:23:22.558,NMATAMOROS,huevoIncDivAveAlojadaPorLote,POS,2024,1,C-126,1121201003,,,,,,,,,,,,
becf0bfd-7d43-482d-93d4-3afee51bcf66,2025-09-02 22:23:22.558,NMATAMOROS,2025-09-02 22:23:22.558,NMATAMOROS,huevoIncDivAveAlojadaPorLote,POS,2024,1,C-128,1121201002,,,,,,,,,,,,
98e8ec07-cac9-4283-be7e-c82b32f98810,2025-09-02 22:23:22.558,NMATAMOROS,2025-09-02 22:23:22.558,NMATAMOROS,huevoIncDivAveAlojadaPorLote,POS,2024,1,C-131,1121201005,,,,,,,,,,,,
fe4c6410-c311-4efa-9492-89c05b538b65,2025-09-02 22:23:22.558,NMATAMOROS,2025-09-02 22:23:22.558,NMATAMOROS,huevoIncDivAveAlojadaPorLote,POS,2025,1,C-134,1121201007,,,,,,,,,,,,
dd8561ca-e0a4-4b0a-bc84-888d05e39ab0,2025-09-02 22:23:22.558,NMATAMOROS,2025-09-02 22:23:22.558,NMATAMOROS,huevoIncDivAveAlojadaPorLote,POS,2025,1,C-136,1121201001,,,,,,,,,,,,
59e3f9a6-60f8-4e47-b891-6f53e666861b,2025-09-02 22:23:22.558,NMATAMOROS,2025-09-02 22:23:22.558,NMATAMOROS,huevoIncDivAveAlojadaPorLote,POS,2025,1,H-133,1121201003,,,,,,,,,,,,
2af781db-cf46-4b0f-ad5b-a2f74657327d,2025-09-02 22:23:22.558,NMATAMOROS,2025-09-02 22:23:22.558,NMATAMOROS,huevoIncDivAveAlojadaPorLote,POS,2024,1,R-127,1121201007,,,,,,,,,,,,
f9435cea-1a0e-4804-9ed1-aec5747dd290,2025-09-02 22:23:22.558,NMATAMOROS,2025-09-02 22:23:22.558,NMATAMOROS,huevoIncDivAveAlojadaPorLote,POS,2024,1,R-129,1121201001,,,,,,,,,,,,
11d08101-f1bd-4c79-9134-8a3bb812dca8,2025-09-02 22:23:22.558,NMATAMOROS,2025-09-02 22:23:22.558,NMATAMOROS,huevoIncDivAveAlojadaPorLote,POS,2024,1,R-130,1121201006,,,,,,,,,,,,
87fa62ce-4d03-466a-b70a-6506ba2e65de,2025-09-02 22:23:22.558,NMATAMOROS,2025-09-02 22:23:22.558,NMATAMOROS,huevoIncDivAveAlojadaPorLote,POS,2025,1,R-132,1121201004,,,,,,,,,,,,
64ecf44e-4db6-4a49-8b3e-0983cbafb61c,2025-09-02 22:23:22.558,NMATAMOROS,2025-09-02 22:23:22.558,NMATAMOROS,huevoIncDivAveAlojadaPorLote,POS,2025,1,R-135,1121201002,,,,,,,,,,,,
b975e66a-1c9b-41ef-9396-958a4f77dc2f,2025-09-02 22:23:22.558,NMATAMOROS,2025-09-02 22:23:22.558,NMATAMOROS,cajaHuevoPorLote,POS,2025,1,R-137,1121201006,,,,,,,,,,,,
1d492335-d2d5-4766-a3aa-6c92b9409dff,2025-09-02 22:23:22.558,NMATAMOROS,2025-09-02 22:23:22.558,NMATAMOROS,cajaHuevoPorLote,POS,2025,1,R-138,1121201005,,,,,,,,,,,,
d264d309-181a-4b8f-ab27-04b87a9c76c8,2025-09-02 22:23:22.558,NMATAMOROS,2025-09-02 22:23:22.558,NMATAMOROS,cajaHuevoPorLote,POS,2024,1,C-126,1121201003,,,,,,,,,,,,
220146bc-1e1c-4765-a36b-12225309d993,2025-09-02 22:23:22.558,NMATAMOROS,2025-09-02 22:23:22.558,NMATAMOROS,cajaHuevoPorLote,POS,2024,1,C-128,1121201002,,,,,,,,,,,,
5fb53411-2390-40f4-8c88-64f60f514d22,2025-09-02 22:23:22.558,NMATAMOROS,2025-09-02 22:23:22.558,NMATAMOROS,cajaHuevoPorLote,POS,2024,1,C-131,1121201005,,,,,,,,,,,,
e412b836-5046-4d79-ac21-73a0a34fa335,2025-09-02 22:23:22.558,NMATAMOROS,2025-09-02 22:23:22.558,NMATAMOROS,cajaHuevoPorLote,POS,2025,1,C-134,1121201007,,,,,,,,,,,,
813303da-1d98-416e-b07c-28c366ae28ec,2025-09-02 22:23:22.558,NMATAMOROS,2025-09-02 22:23:22.558,NMATAMOROS,cajaHuevoPorLote,POS,2025,1,C-136,1121201001,,,,,,,,,,,,
cb9bd3b5-1145-449c-ab0d-f8b36592dfb7,2025-09-02 22:23:22.558,NMATAMOROS,2025-09-02 22:23:22.558,NMATAMOROS,cajaHuevoPorLote,POS,2025,1,H-133,1121201003,,,,,,,,,,,,
e542d5eb-8f27-4eda-b5d2-aadccb6b6e9a,2025-09-02 22:23:22.558,NMATAMOROS,2025-09-02 22:23:22.558,NMATAMOROS,cajaHuevoPorLote,POS,2024,1,R-127,1121201007,,,,,,,,,,,,
5768c50e-205c-4968-a45b-e17c6a044ade,2025-09-02 22:23:22.558,NMATAMOROS,2025-09-02 22:23:22.558,NMATAMOROS,cajaHuevoPorLote,POS,2024,1,R-129,1121201001,,,,,,,,,,,,
ac076b9d-e832-4277-8b58-ffb609eea3bc,2025-09-02 22:23:22.558,NMATAMOROS,2025-09-02 22:23:22.558,NMATAMOROS,cajaHuevoPorLote,POS,2024,1,R-130,1121201006,,,,,,,,,,,,
24705562-4fb4-49d4-a177-3bbe437d0d08,2025-09-02 22:23:22.558,NMATAMOROS,2025-09-02 22:23:22.558,NMATAMOROS,cajaHuevoPorLote,POS,2025,1,R-132,1121201004,,,,,,,,,,,,
f1fede39-e28f-41a6-991d-58df255b0ca6,2025-09-02 22:23:22.558,NMATAMOROS,2025-09-02 22:23:22.558,NMATAMOROS,cajaHuevoPorLote,POS,2025,1,R-135,1121201002,,,,,,,,,,,,
f2cbbdb3-a68a-4639-8b34-48fb777a5469,2025-09-02 22:23:22.558,NMATAMOROS,2025-09-02 22:23:22.558,NMATAMOROS,%mortalidadPorLote,POS,2025,1,R-137,1121201006,,,,,,,,,,,,
92c6945d-aa03-4c97-a8f4-bd46374af0fb,2025-09-02 22:23:22.558,NMATAMOROS,2025-09-02 22:23:22.558,NMATAMOROS,%mortalidadPorLote,POS,2025,1,R-138,1121201005,,,,,,,,,,,,
b424ef38-e860-4b8a-86b7-f95b95f043cb,2025-09-02 22:23:22.558,NMATAMOROS,2025-09-02 22:23:22.558,NMATAMOROS,%mortalidadPorLote,POS,2024,1,C-126,1121201003,,,,,,,,,,,,
dc0a1b55-f3db-4680-a7b0-1c1d7f4f2195,2025-09-02 22:23:22.558,NMATAMOROS,2025-09-02 22:23:22.558,NMATAMOROS,%mortalidadPorLote,POS,2024,1,C-128,1121201002,,,,,,,,,,,,
dd663d25-5dc1-4c87-912e-796b0548ea43,2025-09-02 22:23:22.558,NMATAMOROS,2025-09-02 22:23:22.558,NMATAMOROS,%mortalidadPorLote,POS,2024,1,C-131,1121201005,,,,,,,,,,,,
1b179fc2-5be7-4b81-99cc-96a347524558,2025-09-02 22:23:22.558,NMATAMOROS,2025-09-02 22:23:22.558,NMATAMOROS,%mortalidadPorLote,POS,2025,1,C-134,1121201007,,,,,,,,,,,,
646d33d3-3e5d-4659-862b-6ec5f65bbeea,2025-09-02 22:23:22.558,NMATAMOROS,2025-09-02 22:23:22.558,NMATAMOROS,%mortalidadPorLote,POS,2025,1,C-136,1121201001,,,,,,,,,,,,
2c803115-ae3c-46ff-9ccc-559d48f53ce7,2025-09-02 22:23:22.558,NMATAMOROS,2025-09-02 22:23:22.558,NMATAMOROS,%mortalidadPorLote,POS,2025,1,H-133,1121201003,,,,,,,,,,,,
aeebafd5-a45d-4418-a008-3a6f6f619d09,2025-09-02 22:23:22.558,NMATAMOROS,2025-09-02 22:23:22.558,NMATAMOROS,%mortalidadPorLote,POS,2024,1,R-127,1121201007,,,,,,,,,,,,
adfb0e78-ff4c-44e0-87d9-32d1f3548dec,2025-09-02 22:23:22.558,NMATAMOROS,2025-09-02 22:23:22.558,NMATAMOROS,%mortalidadPorLote,POS,2024,1,R-129,1121201001,,,,,,,,,,,,
99f1f9f7-58f2-4d32-b8a1-422e163f05d5,2025-09-02 22:23:22.558,NMATAMOROS,2025-09-02 22:23:22.558,NMATAMOROS,%mortalidadPorLote,POS,2024,1,R-130,1121201006,,,,,,,,,,,,
2ca5c1eb-0126-432f-9195-bffb27a66b79,2025-09-02 22:23:22.558,NMATAMOROS,2025-09-02 22:23:22.558,NMATAMOROS,%mortalidadPorLote,POS,2025,1,R-132,1121201004,,,,,,,,,,,,
b1960c46-9eca-433e-98a2-c2010326afb5,2025-09-02 22:23:22.558,NMATAMOROS,2025-09-02 22:23:22.558,NMATAMOROS,%mortalidadPorLote,POS,2025,1,R-135,1121201002,,,,,,,,,,,,
2cea0a29-b126-46f3-9ea0-516fd8ecfa88,2025-09-02 22:23:22.558,NMATAMOROS,2025-09-02 22:23:22.558,NMATAMOROS,%seleccionPorLote,POS,2025,1,R-137,1121201006,,,,,,,,,,,,
6806cc1d-8a66-48f5-8465-0a0c9966a9fb,2025-09-02 22:23:22.558,NMATAMOROS,2025-09-02 22:23:22.558,NMATAMOROS,%seleccionPorLote,POS,2025,1,R-138,1121201005,,,,,,,,,,,,
529a918d-905d-4f6f-99eb-21039328549f,2025-09-02 22:23:22.558,NMATAMOROS,2025-09-02 22:23:22.558,NMATAMOROS,%seleccionPorLote,POS,2024,1,C-126,1121201003,,,,,,,,,,,,
e8bf981a-342e-4eca-a5c6-ff442f7dbaaa,2025-09-02 22:23:22.558,NMATAMOROS,2025-09-02 22:23:22.558,NMATAMOROS,%seleccionPorLote,POS,2024,1,C-128,1121201002,,,,,,,,,,,,
42f98b31-e8be-4964-b685-95b0a3d579ca,2025-09-02 22:23:22.558,NMATAMOROS,2025-09-02 22:23:22.558,NMATAMOROS,%seleccionPorLote,POS,2024,1,C-131,1121201005,,,,,,,,,,,,
76b1bb25-c126-490e-87ec-e2c4dc5f1200,2025-09-02 22:23:22.558,NMATAMOROS,2025-09-02 22:23:22.558,NMATAMOROS,%seleccionPorLote,POS,2025,1,C-134,1121201007,,,,,,,,,,,,
c9bd186c-75bd-4333-a989-9de81d93382d,2025-09-02 22:23:22.558,NMATAMOROS,2025-09-02 22:23:22.558,NMATAMOROS,%seleccionPorLote,POS,2025,1,C-136,1121201001,,,,,,,,,,,,
976cb202-7435-4f59-85e8-2e4c93815a5c,2025-09-02 22:23:22.558,NMATAMOROS,2025-09-02 22:23:22.558,NMATAMOROS,%seleccionPorLote,POS,2025,1,H-133,1121201003,,,,,,,,,,,,
da0c037f-8cc4-4fe1-8f97-ce3196e58b17,2025-09-02 22:23:22.558,NMATAMOROS,2025-09-02 22:23:22.558,NMATAMOROS,%seleccionPorLote,POS,2024,1,R-127,1121201007,,,,,,,,,,,,
91475085-70e2-4cc7-8d9e-5bbc75f62b04,2025-09-02 22:23:22.558,NMATAMOROS,2025-09-02 22:23:22.558,NMATAMOROS,%seleccionPorLote,POS,2024,1,R-129,1121201001,,,,,,,,,,,,
c25a59fb-67ee-4413-b2f8-e2b671441786,2025-09-02 22:23:22.558,NMATAMOROS,2025-09-02 22:23:22.558,NMATAMOROS,%seleccionPorLote,POS,2024,1,R-130,1121201006,,,,,,,,,,,,
0c6e013c-0ebd-400f-b5b0-40239ab7d994,2025-09-02 22:23:22.558,NMATAMOROS,2025-09-02 22:23:22.558,NMATAMOROS,%seleccionPorLote,POS,2025,1,R-132,1121201004,,,,,,,,,,,,
1b34cbe4-703f-4f24-bc63-58a7ef1dcd16,2025-09-02 22:23:22.558,NMATAMOROS,2025-09-02 22:23:22.558,NMATAMOROS,%seleccionPorLote,POS,2025,1,R-135,1121201002,,,,,,,,,,,,
316e483f-c074-44f4-aa98-263294d34693,2025-09-02 22:23:22.558,NMATAMOROS,2025-09-02 22:23:22.558,NMATAMOROS,avesIniciadas,POS,2024,1,,,,,,,,,,,,,,
733a2057-1264-4c88-aacc-fbcef891f43d,2025-09-02 22:23:22.558,NMATAMOROS,2025-09-02 22:23:22.558,NMATAMOROS,avesIniciadas,POS,2025,1,,,,,,,,,,,,,,
314d0570-7401-4a19-b923-9b5cdb5df390,2025-09-02 22:23:22.558,NMATAMOROS,2025-09-02 22:23:22.558,NMATAMOROS,mortalidad,POS,2024,1,,,,,,,,,,,,,,
33a6550c-99f3-410c-ac6b-0fffeb258b3b,2025-09-02 22:23:22.558,NMATAMOROS,2025-09-02 22:23:22.558,NMATAMOROS,mortalidad,POS,2025,1,,,,,,,,,,,,,,
17947d86-d169-45ba-9446-784875c82248,2025-09-02 22:23:22.558,NMATAMOROS,2025-09-02 22:23:22.558,NMATAMOROS,%mortalidadHembras,POS,2024,1,,,,,,,,,,,,,,
d3bb5397-7c86-45f6-8ea6-1fe28f3a5292,2025-09-02 22:23:22.558,NMATAMOROS,2025-09-02 22:23:22.558,NMATAMOROS,%mortalidadHembras,POS,2025,1,,,,,,,,,,,,,,
46149983-9190-4cda-883e-8196cdc8d952,2025-09-02 22:23:22.558,NMATAMOROS,2025-09-02 22:23:22.558,NMATAMOROS,%mortalidadMachos,POS,2024,1,,,,,,,,,,,,,,
ac40fbe1-60bc-4ba9-94bb-e3c399db8982,2025-09-02 22:23:22.558,NMATAMOROS,2025-09-02 22:23:22.558,NMATAMOROS,%mortalidadMachos,POS,2025,1,,,,,,,,,,,,,,
effd1689-f25c-42f9-85ec-8ed91e9511e1,2025-09-02 22:23:22.558,NMATAMOROS,2025-09-02 22:23:22.558,NMATAMOROS,seleccion,POS,2024,1,,,,,,,,,,,,,,
6b73f2a8-e5f3-4673-a0d6-8dd201f2fe16,2025-09-02 22:23:22.558,NMATAMOROS,2025-09-02 22:23:22.558,NMATAMOROS,seleccion,POS,2025,1,,,,,,,,,,,,,,
7d1e49b7-f8bb-47f4-b537-d292a5be02b3,2025-09-02 22:23:22.558,NMATAMOROS,2025-09-02 22:23:22.558,NMATAMOROS,%seleccion,POS,2024,1,,,,,,,,,,,,,,
a98f8eb1-d9eb-4abf-91d0-283a77d5dd10,2025-09-02 22:23:22.558,NMATAMOROS,2025-09-02 22:23:22.558,NMATAMOROS,%seleccion,POS,2025,1,,,,,,,,,,,,,,
5e93f80c-c939-4d8f-b3e2-1056474846d8,2025-09-02 22:23:22.558,NMATAMOROS,2025-09-02 22:23:22.558,NMATAMOROS,%seleccionHembras,POS,2024,1,,,,,,,,,,,,,,
fb3fa54d-3904-4ef7-a850-c40047d028ab,2025-09-02 22:23:22.558,NMATAMOROS,2025-09-02 22:23:22.558,NMATAMOROS,%seleccionHembras,POS,2025,1,,,,,,,,,,,,,,
9b8910a3-d64f-4217-a517-fef69c503ab4,2025-09-02 22:23:22.558,NMATAMOROS,2025-09-02 22:23:22.558,NMATAMOROS,%seleccionMachos,POS,2024,1,,,,,,,,,,,,,,
f91651b0-47a2-4818-8b92-381d9936574e,2025-09-02 22:23:22.558,NMATAMOROS,2025-09-02 22:23:22.558,NMATAMOROS,%seleccionMachos,POS,2025,1,,,,,,,,,,,,,,
6d17eeb9-bd24-43af-aa2d-1e07439a1a1f,2025-09-02 22:23:22.558,NMATAMOROS,2025-09-02 22:23:22.558,NMATAMOROS,huevoTotalDivAveAlojada,POS,2024,1,,,,,,,,,,,,,,
f363c91d-0aae-4e18-8ee4-1f5a24de34bb,2025-09-02 22:23:22.558,NMATAMOROS,2025-09-02 22:23:22.558,NMATAMOROS,huevoTotalDivAveAlojada,POS,2025,1,,,,,,,,,,,,,,
4bc8982e-9f5b-4538-9dd2-652411baf431,2025-09-02 22:23:22.558,NMATAMOROS,2025-09-02 22:23:22.558,NMATAMOROS,huevoIncDivAveAlojada,POS,2024,1,,,,,,,,,,,,,,
ba9f5b7b-af6e-4f01-bace-d43fd8c507b3,2025-09-02 22:23:22.558,NMATAMOROS,2025-09-02 22:23:22.558,NMATAMOROS,huevoIncDivAveAlojada,POS,2025,1,,,,,,,,,,,,,,
8860ca4f-ab56-4051-96ca-b8e1830ce14c,2025-09-02 22:23:22.558,NMATAMOROS,2025-09-02 22:23:22.558,NMATAMOROS,cajaHuevo,POS,2024,1,,,,,,,,,,,,,,
5c62eecc-8205-4e99-b644-a452e705a17d,2025-09-02 22:23:22.558,NMATAMOROS,2025-09-02 22:23:22.558,NMATAMOROS,cajaHuevo,POS,2025,1,,,,,,,,,,,,,,
cde9cf2a-b553-486d-b1ef-98d3bffb1ff4,2025-09-02 22:23:22.558,NMATAMOROS,2025-09-02 22:23:22.558,NMATAMOROS,%mortalidad,POS,2024,1,,,,,,,,,,,,,,
653c7a5a-f5bd-460e-9ebd-365146cd5347,2025-09-02 22:23:22.558,NMATAMOROS,2025-09-02 22:23:22.558,NMATAMOROS,%mortalidad,POS,2025,1,,,,,,,,,,,,,,
71b04229-7a84-43d0-8be2-287f10aba09b,2025-09-02 22:23:22.558,NMATAMOROS,2025-09-02 22:23:22.558,NMATAMOROS,conversionCajaHuevo,POS,2024,1,,,,,,,,,,,,,,
5c26e9ba-9079-4de2-b2ab-b70128f368de,2025-09-02 22:23:22.558,NMATAMOROS,2025-09-02 22:23:22.558,NMATAMOROS,conversionCajaHuevo,POS,2025,1,,,,,,,,,,,,,,
9136b7a3-5891-4127-9fd0-d647d4c688b4,2025-09-02 22:23:22.558,NMATAMOROS,2025-09-02 22:23:22.558,NMATAMOROS,costoCajaHuevo,POS,2024,1,,,,,,,,,,,,,,
dc8b8fad-e21b-4902-b38a-2ad0b2a4abf9,2025-09-02 22:23:22.558,NMATAMOROS,2025-09-02 22:23:22.558,NMATAMOROS,costoCajaHuevo,POS,2025,1,,,,,,,,,,,,,,
05a90266-a94d-4043-b205-65a0ff0c1ed0,2025-09-02 22:23:22.558,NMATAMOROS,2025-09-02 22:23:22.558,NMATAMOROS,costoUnitarioHuevo,POS,2024,1,,,,,,,,,,,,,,
2c60b56f-c58d-4232-997d-4fbeb23703b6,2025-09-02 22:23:22.558,NMATAMOROS,2025-09-02 22:23:22.558,NMATAMOROS,costoUnitarioHuevo,POS,2025,1,,,,,,,,,,,,,,
5a355da7-5cfe-4572-9a9d-ea6f00d4e18f,2025-09-02 22:23:22.558,NMATAMOROS,2025-09-02 22:23:22.558,NMATAMOROS,%huevoDesechado,INC,2024,1,,,,,,,,,,,,,,
071eacc9-c009-4605-be82-ba1e60a7bc22,2025-09-02 22:23:22.558,NMATAMOROS,2025-09-02 22:23:22.558,NMATAMOROS,%huevoDesechado,INC,2025,1,,,,,,,,,,,,,,
ccf0b086-a678-4a1d-b52d-fce4948d49b9,2025-09-02 22:23:22.558,NMATAMOROS,2025-09-02 22:23:22.558,NMATAMOROS,%huevoMaquina,INC,2024,1,,,,,,,,,,,,,,
cf016041-3e2f-43bd-82c8-138411f20220,2025-09-02 22:23:22.558,NMATAMOROS,2025-09-02 22:23:22.558,NMATAMOROS,%huevoMaquina,INC,2025,1,,,,,,,,,,,,,,
6bc07bbb-d289-441b-a611-0f6d2eecbc6d,2025-09-02 22:23:22.558,NMATAMOROS,2025-09-02 22:23:22.558,NMATAMOROS,%huevoNoNacido,INC,2024,1,,,,,,,,,,,,,,
8314addc-e35a-42fe-9b36-187808edc7ef,2025-09-02 22:23:22.558,NMATAMOROS,2025-09-02 22:23:22.558,NMATAMOROS,%huevoNoNacido,INC,2025,1,,,,,,,,,,,,,,
bfc585d4-53f8-48c8-99ca-9faa55018669,2025-09-02 22:23:22.558,NMATAMOROS,2025-09-02 22:23:22.558,NMATAMOROS,%incubabilidad,INC,2024,1,,,,,,,,,,,,,,
2184fc97-ffd7-4316-ab78-0725bd23eafb,2025-09-02 22:23:22.558,NMATAMOROS,2025-09-02 22:23:22.558,NMATAMOROS,%incubabilidad,INC,2025,1,,,,,,,,,,,,,,
24db6bd8-49c1-49dd-813f-0be0425e0a42,2025-09-02 22:23:22.558,NMATAMOROS,2025-09-02 22:23:22.558,NMATAMOROS,%descarteDePollito,INC,2024,1,,,,,,,,,,,,,,
b266ac96-2611-4221-82f8-7df7be30f5d6,2025-09-02 22:23:22.558,NMATAMOROS,2025-09-02 22:23:22.558,NMATAMOROS,%descarteDePollito,INC,2025,1,,,,,,,,,,,,,,
c912b8ba-0ad4-430e-82c3-74dd1385f1b0,2025-09-02 22:23:22.558,NMATAMOROS,2025-09-02 22:23:22.558,NMATAMOROS,%pollitoNacimientoPrimera,INC,2024,1,,,,,,,,,,,,,,
524d43f0-79d2-4b59-a411-c698409974ec,2025-09-02 22:23:22.558,NMATAMOROS,2025-09-02 22:23:22.558,NMATAMOROS,%pollitoNacimientoPrimera,INC,2025,1,,,,,,,,,,,,,,
0d525130-a112-4db7-8b61-1fa8d03410ee,2025-09-02 22:23:22.558,NMATAMOROS,2025-09-02 22:23:22.558,NMATAMOROS,mortalidad,ENG,2024,1,,,,,,,,,,,,,,
7fa91be8-4697-4bd5-8afb-72af71b7aeb6,2025-09-02 22:23:22.558,NMATAMOROS,2025-09-02 22:23:22.558,NMATAMOROS,mortalidad,ENG,2025,1,,,,,,,,,,,,,,
6f7fbe26-d138-4aed-ba51-a5ac4a958990,2025-09-02 22:23:22.558,NMATAMOROS,2025-09-02 22:23:22.558,NMATAMOROS,conversion,ENG,2024,1,,,,,,,,,,,,,,
0a8ca0ed-3c65-467c-b174-2e4144548b59,2025-09-02 22:23:22.558,NMATAMOROS,2025-09-02 22:23:22.558,NMATAMOROS,conversion,ENG,2025,1,,,,,,,,,,,,,,
592a3ab5-f49d-4671-8f41-4f041e18d48d,2025-09-02 22:23:22.558,NMATAMOROS,2025-09-02 22:23:22.558,NMATAMOROS,pesoPromedio,ENG,2024,1,,,0.0000,0.0000,0.0000,0.0000,0.0000,0.0000,0.0000,0.0000,0.0000,0.0000,0.0000,0.0000
483c6260-8c3c-471e-b3dc-49c54e456d65,2025-09-02 22:23:22.558,NMATAMOROS,2025-09-02 22:23:22.558,NMATAMOROS,pesoPromedio,ENG,2025,1,,,0.0000,0.0000,0.0000,0.0000,0.0000,0.0000,0.0000,0.0000,0.0000,0.0000,0.0000,0.0000
62e37b7d-8890-4a7d-8ee1-eedc4f2290db,2025-09-02 22:23:22.558,NMATAMOROS,2025-09-02 22:23:22.558,NMATAMOROS,edadPolloEnPie,ENG,2024,1,,,0.0000,0.0000,0.0000,0.0000,0.0000,0.0000,0.0000,0.0000,0.0000,0.0000,0.0000,0.0000
2cd29e1b-91e6-47b1-883e-b39c8a2be6af,2025-09-02 22:23:22.558,NMATAMOROS,2025-09-02 22:23:22.558,NMATAMOROS,edadPolloEnPie,ENG,2025,1,,,0.0000,0.0000,0.0000,0.0000,0.0000,0.0000,0.0000,0.0000,0.0000,0.0000,0.0000,0.0000
46808e1b-465d-411e-9fb3-60cc3c065eef,2025-09-02 22:23:22.558,NMATAMOROS,2025-09-02 22:23:22.558,NMATAMOROS,%mermaAhogados,ENG,2024,1,,,,,,,,,,,,,,
d7b161d1-b0a0-4293-b189-5d9105dc0c51,2025-09-02 22:23:22.558,NMATAMOROS,2025-09-02 22:23:22.558,NMATAMOROS,%mermaAhogados,ENG,2025,1,,,,,,,,,,,,,,
055fb775-6bd0-4d39-b55c-7816d381cb64,2025-09-02 22:23:22.558,NMATAMOROS,2025-09-02 22:23:22.558,NMATAMOROS,%mermaDescartados,ENG,2024,1,,,,,,,,,,,,,,
9779d651-4e73-4293-b426-ff7126ce120e,2025-09-02 22:23:22.558,NMATAMOROS,2025-09-02 22:23:22.558,NMATAMOROS,%mermaDescartados,ENG,2025,1,,,,,,,,,,,,,,
173c8ed8-1378-4c30-94d1-d0bfd4bdf597,2025-09-02 22:23:22.558,NMATAMOROS,2025-09-02 22:23:22.558,NMATAMOROS,unidadesRecibidasGranjas,PPP,2024,1,,,,,,,,,,,,,,
67676ea7-b402-40e2-88c7-4bfa168a00af,2025-09-02 22:23:22.558,NMATAMOROS,2025-09-02 22:23:22.558,NMATAMOROS,unidadesRecibidasGranjas,PPP,2025,1,,,,,,,,,,,,,,
d41e6b8d-8fd2-4700-9709-3433faf5db23,2025-09-02 22:23:22.558,NMATAMOROS,2025-09-02 22:23:22.558,NMATAMOROS,librasAvesVivasProcesar,PPP,2024,1,,,,,,,,,,,,,,
0b7566a0-111d-4188-97d7-46ce051cfc4b,2025-09-02 22:23:22.558,NMATAMOROS,2025-09-02 22:23:22.558,NMATAMOROS,librasAvesVivasProcesar,PPP,2025,1,,,,,,,,,,,,,,
766e46f5-95c3-4a3a-9dc0-f94a5cbc4294,2025-09-02 22:23:22.558,NMATAMOROS,2025-09-02 22:23:22.558,NMATAMOROS,librasTotalesProcesar,PPP,2024,1,,,,,,,,,,,,,,
d0a80829-23af-4c93-952e-171fc01e19a2,2025-09-02 22:23:22.558,NMATAMOROS,2025-09-02 22:23:22.558,NMATAMOROS,librasTotalesProcesar,PPP,2025,1,,,,,,,,,,,,,,
eb71abae-1c32-4b08-a349-e355ac2fdcfe,2025-09-02 22:23:22.558,NMATAMOROS,2025-09-02 22:23:22.558,NMATAMOROS,librasProcesadas,PPP,2024,1,,,,,,,,,,,,,,
99c40659-e241-4215-a60d-50238914d485,2025-09-02 22:23:22.558,NMATAMOROS,2025-09-02 22:23:22.558,NMATAMOROS,librasProcesadas,PPP,2025,1,,,,,,,,,,,,,,
12a0610d-b344-49ba-8256-d1ae993b04b2,2025-09-02 22:23:22.558,NMATAMOROS,2025-09-02 22:23:22.558,NMATAMOROS,%rendimientoGallina,PPP,2024,1,,,,,,,,,,,,,,
3ab13504-8bda-4fcd-ae69-e90573845eaf,2025-09-02 22:23:22.558,NMATAMOROS,2025-09-02 22:23:22.558,NMATAMOROS,%rendimientoGallina,PPP,2025,1,,,,,,,,,,,,,,
dbf195b7-d78c-4467-8adb-ca9ab86a6d04,2025-09-02 22:23:22.558,NMATAMOROS,2025-09-02 22:23:22.558,NMATAMOROS,rendimiento,PPP,2024,1,,,,,,,,,,,,,,
6e41e08c-fcca-43c5-ae65-421d3fc10e5c,2025-09-02 22:23:22.558,NMATAMOROS,2025-09-02 22:23:22.558,NMATAMOROS,rendimiento,PPP,2025,1,,,,,,,,,,,,,,
f2c7553a-e456-4bc8-b0f4-1ead2b344919,2025-09-02 22:23:22.558,NMATAMOROS,2025-09-02 22:23:22.558,NMATAMOROS,%menudoAprovechado,PPP,2024,1,,,,,,,,,,,,,,
ba6164ba-e751-462e-ba34-f76b154bb189,2025-09-02 22:23:22.558,NMATAMOROS,2025-09-02 22:23:22.558,NMATAMOROS,%menudoAprovechado,PPP,2025,1,,,,,,,,,,,,,,
318273b9-cb45-4aed-84b8-97bc422810df,2025-09-02 22:23:22.558,NMATAMOROS,2025-09-02 22:23:22.558,NMATAMOROS,%rendimientoSP,PPP,2024,1,,,,,,,,,,,,,,
2c2152ad-9b85-47d4-b051-c49919651ccf,2025-09-02 22:23:22.558,NMATAMOROS,2025-09-02 22:23:22.558,NMATAMOROS,%rendimientoSP,PPP,2025,1,,,,,,,,,,,,,,
29ab2b9c-4404-46c7-a333-fb1c28f2a6ac,2025-09-02 22:23:22.558,NMATAMOROS,2025-09-02 22:23:22.558,NMATAMOROS,%carcasa,PPP,2024,1,,,,,,,,,,,,,,
898c0a51-ccfb-4d7e-a67e-543572f32215,2025-09-02 22:23:22.558,NMATAMOROS,2025-09-02 22:23:22.558,NMATAMOROS,%carcasa,PPP,2025,1,,,,,,,,,,,,,,
c225f42f-5f8f-412b-84df-daaaf4bbc7df,2025-09-02 22:23:22.558,NMATAMOROS,2025-09-02 22:23:22.558,NMATAMOROS,rendimientoAceitePollo,PPH,2024,1,,,0.0000,0.0000,0.0000,0.0000,0.0000,0.0000,0.0000,0.0000,0.0000,0.0000,0.0000,0.0000
8ddad3b7-4274-4238-9fa9-e0e495723ef4,2025-09-02 22:23:22.558,NMATAMOROS,2025-09-02 22:23:22.558,NMATAMOROS,rendimientoAceitePollo,PPH,2025,1,,,0.0000,0.0000,0.0000,0.0000,0.0000,0.0000,0.0000,0.0000,0.0000,0.0000,0.0000,0.0000
c366b822-34a5-4e13-8f48-54a41f2eeb82,2025-09-02 22:23:22.558,NMATAMOROS,2025-09-02 22:23:22.558,NMATAMOROS,rendimientoHarinaViscera,PPH,2024,1,,,0.0000,0.0000,0.0000,0.0000,0.0000,0.0000,0.0000,0.0000,0.0000,0.0000,0.0000,0.0000
dc514f5a-38ce-4c17-b0b2-2b4b39365f9a,2025-09-02 22:23:22.558,NMATAMOROS,2025-09-02 22:23:22.558,NMATAMOROS,rendimientoHarinaViscera,PPH,2025,1,,,0.0000,0.0000,0.0000,0.0000,0.0000,0.0000,0.0000,0.0000,0.0000,0.0000,0.0000,0.0000
2bb22769-d19f-4d86-a4ef-e35eda3f6dc1,2025-09-02 22:23:22.558,NMATAMOROS,2025-09-02 22:23:22.558,NMATAMOROS,rendimientoHarinaPlumaSangre,PPH,2024,1,,,0.0000,0.0000,0.0000,0.0000,0.0000,0.0000,0.0000,0.0000,0.0000,0.0000,0.0000,0.0000
60e069e6-8fde-477f-9c0c-9f39063728d8,2025-09-02 22:23:22.558,NMATAMOROS,2025-09-02 22:23:22.558,NMATAMOROS,rendimientoHarinaPlumaSangre,PPH,2025,1,,,0.0000,0.0000,0.0000,0.0000,0.0000,0.0000,0.0000,0.0000,0.0000,0.0000,0.0000,0.0000
